relationship_truth,evidence_role,evidence_strength,ground_truth_split,case_network_type,person_ground_truth_summary
SUSPECTED,SUPPORTING,0.720,TRAIN,CRIMINAL,P00299:SUSPECT;P00350:SUSPECT;P00384:SUSPECT
CONFIRMED,SUPPORTING,0.904,TRAIN,CRIMINAL,P00238:SUSPECT;P00350:SUSPECT;P00118:SUSPECT;P00299:SUSPECT
SUSPECTED,SUPPORTING,0.853,TRAIN,CRIMINAL,P00120:SUSPECT;P00384:SUSPECT;P00098:SUSPECT;P00299:SUSPECT
SUSPECTED,SUPPORTING,0.633,TRAIN,CRIMINAL,P00350:SUSPECT;P00046:SUSPECT;P00299:SUSPECT;P00024:SUSPECT
CONFIRMED,SUPPORTING,0.962,TRAIN,CRIMINAL,P00384:SUSPECT;P00024:SUSPECT;P00046:SUSPECT;P00253:SUSPECT
CONFIRMED,SUPPORTING,0.883,TRAIN,CRIMINAL,P00024:SUSPECT;P00253:SUSPECT;P00098:SUSPECT;P00120:SUSPECT
CONFIRMED,SUPPORTING,0.860,TRAIN,CRIMINAL,P00384:SUSPECT;P00299:SUSPECT;P00253:SUSPECT;P00120:SUSPECT
CONFIRMED,SUPPORTING,0.906,TRAIN,CRIMINAL,P00046:SUSPECT;P00350:SUSPECT
CONFIRMED,SUPPORTING,0.920,TRAIN,CRIMINAL,P00118:SUSPECT;P00098:SUSPECT;P00093:SUSPECT;P00046:SUSPECT
CONFIRMED,SUPPORTING,0.863,TRAIN,CRIMINAL,P00350:SUSPECT;P00238:SUSPECT;P00118:SUSPECT;P00024:SUSPECT
CONFIRMED,SUPPORTING,0.982,TRAIN,CRIMINAL,P00017:SUSPECT;P00197:SUSPECT;P00133:SUSPECT
CONFIRMED,SUPPORTING,0.820,TRAIN,CRIMINAL,P00163:SUSPECT;P00462:SUSPECT;P00007:SUSPECT
CONFIRMED,SUPPORTING,0.959,TRAIN,CRIMINAL,P00133:SUSPECT;P00163:SUSPECT
UNKNOWN,NEUTRAL,0.414,TRAIN,CRIMINAL,P00462:UNRESOLVED;P00163:UNRESOLVED;P00007:UNRESOLVED
CONFIRMED,SUPPORTING,0.893,TRAIN,CRIMINAL,P00113:SUSPECT;P00286:SUSPECT
CONFIRMED,SUPPORTING,0.862,TRAIN,CRIMINAL,P00117:SUSPECT;P00172:SUSPECT
CONFIRMED,SUPPORTING,0.835,TRAIN,CRIMINAL,P00007:SUSPECT;P00462:SUSPECT
SUSPECTED,SUPPORTING,0.649,TRAIN,CRIMINAL,P00286:SUSPECT;P00133:SUSPECT;P00462:SUSPECT
SUSPECTED,SUPPORTING,0.741,TRAIN,CRIMINAL,P00117:SUSPECT;P00310:SUSPECT;P00113:SUSPECT;P00021:SUSPECT
CONFIRMED,SUPPORTING,0.859,TRAIN,CRIMINAL,P00286:SUSPECT;P00172:SUSPECT;P00021:SUSPECT
CONFIRMED,SUPPORTING,0.901,TRAIN,CRIMINAL,P00255:SUSPECT;P00329:SUSPECT
CONFIRMED,SUPPORTING,0.956,TRAIN,CRIMINAL,P00099:SUSPECT;P00035:SUSPECT;P00372:SUSPECT
CONFIRMED,SUPPORTING,0.908,TRAIN,CRIMINAL,P00073:SUSPECT;P00391:SUSPECT
CONFIRMED,SUPPORTING,0.951,TRAIN,CRIMINAL,P00226:SUSPECT;P00329:SUSPECT
CONFIRMED,SUPPORTING,0.824,TRAIN,CRIMINAL,P00226:SUSPECT;P00391:SUSPECT;P00101:SUSPECT
CONFIRMED,SUPPORTING,0.982,TRAIN,CRIMINAL,P00226:SUSPECT;P00459:SUSPECT;P00329:SUSPECT
FALSE,CONTRADICTING,0.193,TRAIN,CRIMINAL,P00372:INNOCENT;P00313:INNOCENT
UNKNOWN,NEUTRAL,0.387,TRAIN,CRIMINAL,P00255:UNRESOLVED;P00099:UNRESOLVED;P00491:UNRESOLVED
CONFIRMED,SUPPORTING,0.859,TRAIN,CRIMINAL,P00320:SUSPECT;P00459:SUSPECT;P00382:SUSPECT;P00213:SUSPECT
UNKNOWN,NEUTRAL,0.238,TRAIN,CRIMINAL,P00491:UNRESOLVED;P00035:UNRESOLVED;P00213:UNRESOLVED
UNKNOWN,NEUTRAL,0.345,TRAIN,CRIMINAL,P00136:UNRESOLVED;P00193:UNRESOLVED
FALSE,CONTRADICTING,0.375,TRAIN,CRIMINAL,P00096:INNOCENT;P00193:INNOCENT
FALSE,CONTRADICTING,0.150,TRAIN,CRIMINAL,P00464:INNOCENT;P00030:INNOCENT;P00324:INNOCENT;P00136:INNOCENT
UNKNOWN,NEUTRAL,0.323,TRAIN,CRIMINAL,P00136:UNRESOLVED;P00491:UNRESOLVED;P00245:UNRESOLVED
SUSPECTED,SUPPORTING,0.612,TRAIN,CRIMINAL,P00491:SUSPECT;P00193:SUSPECT
CONFIRMED,SUPPORTING,0.953,TRAIN,CRIMINAL,P00491:SUSPECT;P00096:SUSPECT;P00030:SUSPECT
CONFIRMED,SUPPORTING,0.931,TRAIN,CRIMINAL,P00015:SUSPECT;P00245:SUSPECT;P00136:SUSPECT;P00464:SUSPECT
CONFIRMED,SUPPORTING,0.864,TRAIN,CRIMINAL,P00464:SUSPECT;P00324:SUSPECT;P00449:SUSPECT
FALSE,CONTRADICTING,0.157,TRAIN,CRIMINAL,P00136:INNOCENT;P00449:INNOCENT;P00324:INNOCENT;P00245:INNOCENT
CONFIRMED,SUPPORTING,0.901,TRAIN,CRIMINAL,P00491:SUSPECT;P00136:SUSPECT
FALSE,CONTRADICTING,0.144,TRAIN,CRIMINAL,P00176:INNOCENT;P00475:INNOCENT;P00031:INNOCENT;P00418:INNOCENT
SUSPECTED,SUPPORTING,0.772,TRAIN,CRIMINAL,P00055:SUSPECT;P00250:SUSPECT
CONFIRMED,SUPPORTING,0.936,TRAIN,CRIMINAL,P00112:SUSPECT;P00418:SUSPECT;P00312:SUSPECT
SUSPECTED,SUPPORTING,0.809,TRAIN,CRIMINAL,P00085:SUSPECT;P00201:SUSPECT;P00331:SUSPECT
FALSE,CONTRADICTING,0.322,TRAIN,CRIMINAL,P00418:INNOCENT;P00176:INNOCENT;P00055:INNOCENT;P00090:INNOCENT
SUSPECTED,SUPPORTING,0.698,TRAIN,CRIMINAL,P00055:SUSPECT;P00031:SUSPECT;P00475:SUSPECT
CONFIRMED,SUPPORTING,0.848,TRAIN,CRIMINAL,P00250:SUSPECT;P00134:SUSPECT;P00475:SUSPECT;P00090:SUSPECT
UNKNOWN,NEUTRAL,0.515,TRAIN,CRIMINAL,P00331:UNRESOLVED;P00055:UNRESOLVED;P00015:UNRESOLVED
CONFIRMED,SUPPORTING,0.964,TRAIN,CRIMINAL,P00003:SUSPECT;P00418:SUSPECT;P00055:SUSPECT
UNKNOWN,NEUTRAL,0.419,TRAIN,CRIMINAL,P00450:UNRESOLVED;P00312:UNRESOLVED
CONFIRMED,SUPPORTING,0.909,TRAIN,CRIMINAL,P00076:SUSPECT;P00456:SUSPECT;P00329:SUSPECT
SUSPECTED,SUPPORTING,0.771,TRAIN,CRIMINAL,P00442:SUSPECT;P00268:SUSPECT
FALSE,CONTRADICTING,0.400,TRAIN,CRIMINAL,P00329:INNOCENT;P00442:INNOCENT
FALSE,CONTRADICTING,0.301,TRAIN,CRIMINAL,P00372:INNOCENT;P00329:INNOCENT
CONFIRMED,SUPPORTING,0.895,TRAIN,CRIMINAL,P00286:SUSPECT;P00372:SUSPECT
CONFIRMED,SUPPORTING,0.838,TRAIN,CRIMINAL,P00496:SUSPECT;P00286:SUSPECT
SUSPECTED,SUPPORTING,0.671,TRAIN,CRIMINAL,P00496:SUSPECT;P00268:SUSPECT;P00456:SUSPECT
SUSPECTED,SUPPORTING,0.753,TRAIN,CRIMINAL,P00372:SUSPECT;P00442:SUSPECT;P00286:SUSPECT
CONFIRMED,SUPPORTING,0.985,TRAIN,CRIMINAL,P00268:SUSPECT;P00076:SUSPECT;P00145:SUSPECT;P00372:SUSPECT
CONFIRMED,SUPPORTING,0.868,TRAIN,CRIMINAL,P00372:SUSPECT;P00268:SUSPECT;P00329:SUSPECT
CONFIRMED,SUPPORTING,0.902,TRAIN,CRIMINAL,P00015:SUSPECT;P00220:SUSPECT;P00026:SUSPECT
CONFIRMED,SUPPORTING,0.914,TRAIN,CRIMINAL,P00327:SUSPECT;P00139:SUSPECT
CONFIRMED,SUPPORTING,0.941,TRAIN,CRIMINAL,P00360:SUSPECT;P00203:SUSPECT;P00220:SUSPECT;P00327:SUSPECT
SUSPECTED,SUPPORTING,0.753,TRAIN,CRIMINAL,P00026:SUSPECT;P00327:SUSPECT;P00203:SUSPECT
CONFIRMED,SUPPORTING,0.903,TRAIN,CRIMINAL,P00324:SUSPECT;P00026:SUSPECT
SUSPECTED,SUPPORTING,0.674,TRAIN,CRIMINAL,P00139:SUSPECT;P00099:SUSPECT
CONFIRMED,SUPPORTING,0.841,TRAIN,CRIMINAL,P00139:SUSPECT;P00327:SUSPECT;P00015:SUSPECT;P00485:SUSPECT
CONFIRMED,SUPPORTING,0.893,TRAIN,CRIMINAL,P00026:SUSPECT;P00099:SUSPECT;P00360:SUSPECT
CONFIRMED,SUPPORTING,0.944,TRAIN,CRIMINAL,P00015:SUSPECT;P00237:SUSPECT;P00485:SUSPECT
SUSPECTED,SUPPORTING,0.762,TRAIN,CRIMINAL,P00485:SUSPECT;P00203:SUSPECT;P00099:SUSPECT
SUSPECTED,SUPPORTING,0.796,TRAIN,CRIMINAL,P00022:SUSPECT;P00469:SUSPECT
CONFIRMED,SUPPORTING,0.876,TRAIN,CRIMINAL,P00469:SUSPECT;P00237:SUSPECT;P00443:SUSPECT;P00067:SUSPECT
CONFIRMED,SUPPORTING,0.896,TRAIN,CRIMINAL,P00237:SUSPECT;P00121:SUSPECT;P00469:SUSPECT
FALSE,CONTRADICTING,0.398,TRAIN,CRIMINAL,P00237:INNOCENT;P00443:INNOCENT;P00003:INNOCENT;P00067:INNOCENT
SUSPECTED,SUPPORTING,0.850,TRAIN,CRIMINAL,P00003:SUSPECT;P00397:SUSPECT;P00121:SUSPECT
CONFIRMED,SUPPORTING,0.909,TRAIN,CRIMINAL,P00469:SUSPECT;P00034:SUSPECT
CONFIRMED,SUPPORTING,0.857,TRAIN,CRIMINAL,P00443:SUSPECT;P00062:SUSPECT
UNKNOWN,NEUTRAL,0.243,TRAIN,CRIMINAL,P00062:UNRESOLVED;P00121:UNRESOLVED;P00008:UNRESOLVED
UNKNOWN,NEUTRAL,0.389,TRAIN,CRIMINAL,P00121:UNRESOLVED;P00469:UNRESOLVED;P00443:UNRESOLVED
SUSPECTED,SUPPORTING,0.734,TRAIN,CRIMINAL,P00388:SUSPECT;P00469:SUSPECT
CONFIRMED,SUPPORTING,0.903,TRAIN,CRIMINAL,P00476:SUSPECT;P00404:SUSPECT;P00188:SUSPECT;P00177:SUSPECT
CONFIRMED,SUPPORTING,0.950,TRAIN,CRIMINAL,P00456:SUSPECT;P00188:SUSPECT;P00036:SUSPECT;P00177:SUSPECT
CONFIRMED,SUPPORTING,0.893,TRAIN,CRIMINAL,P00188:SUSPECT;P00404:SUSPECT;P00178:SUSPECT
CONFIRMED,SUPPORTING,0.852,TRAIN,CRIMINAL,P00298:SUSPECT;P00330:SUSPECT;P00178:SUSPECT
CONFIRMED,SUPPORTING,0.918,TRAIN,CRIMINAL,P00330:SUSPECT;P00101:SUSPECT;P00177:SUSPECT
CONFIRMED,SUPPORTING,0.989,TRAIN,CRIMINAL,P00476:SUSPECT;P00188:SUSPECT;P00298:SUSPECT
CONFIRMED,SUPPORTING,0.949,TRAIN,CRIMINAL,P00101:SUSPECT;P00298:SUSPECT
SUSPECTED,SUPPORTING,0.847,TRAIN,CRIMINAL,P00298:SUSPECT;P00188:SUSPECT;P00410:SUSPECT;P00488:SUSPECT
SUSPECTED,SUPPORTING,0.757,TRAIN,CRIMINAL,P00177:SUSPECT;P00488:SUSPECT;P00499:SUSPECT
FALSE,CONTRADICTING,0.254,TRAIN,CRIMINAL,P00488:INNOCENT;P00330:INNOCENT;P00177:INNOCENT
CONFIRMED,SUPPORTING,0.963,TRAIN,CRIMINAL,P00151:SUSPECT;P00263:SUSPECT
CONFIRMED,SUPPORTING,0.964,TRAIN,CRIMINAL,P00009:SUSPECT;P00466:SUSPECT;P00351:SUSPECT;P00387:SUSPECT
CONFIRMED,SUPPORTING,0.932,TRAIN,CRIMINAL,P00263:SUSPECT;P00208:SUSPECT
CONFIRMED,SUPPORTING,0.831,TRAIN,CRIMINAL,P00151:SUSPECT;P00369:SUSPECT;P00095:SUSPECT;P00275:SUSPECT
FALSE,CONTRADICTING,0.208,TRAIN,CRIMINAL,P00369:INNOCENT;P00447:INNOCENT
UNKNOWN,NEUTRAL,0.262,TRAIN,CRIMINAL,P00095:UNRESOLVED;P00009:UNRESOLVED;P00287:UNRESOLVED;P00100:UNRESOLVED
CONFIRMED,SUPPORTING,0.975,TRAIN,CRIMINAL,P00387:SUSPECT;P00287:SUSPECT;P00057:SUSPECT;P00098:SUSPECT
CONFIRMED,SUPPORTING,0.889,TRAIN,CRIMINAL,P00208:SUSPECT;P00016:SUSPECT;P00100:SUSPECT
SUSPECTED,SUPPORTING,0.756,TRAIN,CRIMINAL,P00009:SUSPECT;P00447:SUSPECT
CONFIRMED,SUPPORTING,0.948,TRAIN,CRIMINAL,P00447:SUSPECT;P00417:SUSPECT;P00098:SUSPECT;P00400:SUSPECT
CONFIRMED,SUPPORTING,0.960,TRAIN,CRIMINAL,P00253:SUSPECT;P00381:SUSPECT;P00462:SUSPECT;P00356:SUSPECT
SUSPECTED,SUPPORTING,0.610,TRAIN,CRIMINAL,P00253:SUSPECT;P00462:SUSPECT
CONFIRMED,SUPPORTING,0.896,TRAIN,CRIMINAL,P00009:SUSPECT;P00316:SUSPECT
UNKNOWN,NEUTRAL,0.328,TRAIN,CRIMINAL,P00006:UNRESOLVED;P00221:UNRESOLVED;P00316:UNRESOLVED
CONFIRMED,SUPPORTING,0.974,TRAIN,CRIMINAL,P00253:SUSPECT;P00221:SUSPECT;P00316:SUSPECT;P00006:SUSPECT
UNKNOWN,NEUTRAL,0.414,TRAIN,CRIMINAL,P00356:UNRESOLVED;P00009:UNRESOLVED;P00381:UNRESOLVED;P00462:UNRESOLVED
CONFIRMED,SUPPORTING,0.857,TRAIN,CRIMINAL,P00462:SUSPECT;P00009:SUSPECT
UNKNOWN,NEUTRAL,0.502,TRAIN,CRIMINAL,P00253:UNRESOLVED;P00381:UNRESOLVED;P00462:UNRESOLVED;P00221:UNRESOLVED
SUSPECTED,SUPPORTING,0.817,TRAIN,CRIMINAL,P00009:SUSPECT;P00356:SUSPECT;P00006:SUSPECT
CONFIRMED,SUPPORTING,0.978,TRAIN,CRIMINAL,P00006:SUSPECT;P00253:SUSPECT;P00356:SUSPECT;P00381:SUSPECT
CONFIRMED,SUPPORTING,0.911,TRAIN,CRIMINAL,P00040:SUSPECT;P00325:SUSPECT;P00089:SUSPECT;P00028:SUSPECT
SUSPECTED,SUPPORTING,0.749,TRAIN,CRIMINAL,P00182:SUSPECT;P00393:SUSPECT;P00028:SUSPECT
FALSE,CONTRADICTING,0.369,TRAIN,CRIMINAL,P00028:INNOCENT;P00441:INNOCENT
UNKNOWN,NEUTRAL,0.488,TRAIN,CRIMINAL,P00393:UNRESOLVED;P00441:UNRESOLVED
CONFIRMED,SUPPORTING,0.900,TRAIN,CRIMINAL,P00038:SUSPECT;P00040:SUSPECT;P00258:SUSPECT
FALSE,CONTRADICTING,0.419,TRAIN,CRIMINAL,P00258:INNOCENT;P00325:INNOCENT
CONFIRMED,SUPPORTING,0.939,TRAIN,CRIMINAL,P00089:SUSPECT;P00441:SUSPECT;P00038:SUSPECT
FALSE,CONTRADICTING,0.270,TRAIN,CRIMINAL,P00005:INNOCENT;P00038:INNOCENT;P00028:INNOCENT;P00204:INNOCENT
UNKNOWN,NEUTRAL,0.535,TRAIN,CRIMINAL,P00325:UNRESOLVED;P00028:UNRESOLVED
CONFIRMED,SUPPORTING,0.925,TRAIN,CRIMINAL,P00038:SUSPECT;P00441:SUSPECT;P00258:SUSPECT
UNKNOWN,NEUTRAL,0.514,TRAIN,CRIMINAL,P00222:UNRESOLVED;P00177:UNRESOLVED
SUSPECTED,SUPPORTING,0.740,TRAIN,CRIMINAL,P00415:SUSPECT;P00138:SUSPECT;P00274:SUSPECT;P00358:SUSPECT
CONFIRMED,SUPPORTING,0.925,TRAIN,CRIMINAL,P00204:SUSPECT;P00230:SUSPECT;P00007:SUSPECT
CONFIRMED,SUPPORTING,0.954,TRAIN,CRIMINAL,P00135:SUSPECT;P00230:SUSPECT;P00204:SUSPECT
CONFIRMED,SUPPORTING,0.832,TRAIN,CRIMINAL,P00415:SUSPECT;P00492:SUSPECT;P00291:SUSPECT;P00007:SUSPECT
CONFIRMED,SUPPORTING,0.827,TRAIN,CRIMINAL,P00177:SUSPECT;P00492:SUSPECT
SUSPECTED,SUPPORTING,0.783,TRAIN,CRIMINAL,P00274:SUSPECT;P00050:SUSPECT;P00222:SUSPECT;P00007:SUSPECT
SUSPECTED,SUPPORTING,0.772,TRAIN,CRIMINAL,P00177:SUSPECT;P00108:SUSPECT
UNKNOWN,NEUTRAL,0.275,TRAIN,CRIMINAL,P00222:UNRESOLVED;P00204:UNRESOLVED;P00413:UNRESOLVED;P00492:UNRESOLVED
UNKNOWN,NEUTRAL,0.437,TRAIN,CRIMINAL,P00108:UNRESOLVED;P00415:UNRESOLVED
CONFIRMED,SUPPORTING,0.838,TRAIN,CRIMINAL,P00378:SUSPECT;P00348:SUSPECT;P00485:SUSPECT;P00422:SUSPECT
UNKNOWN,NEUTRAL,0.265,TRAIN,CRIMINAL,P00446:UNRESOLVED;P00198:UNRESOLVED
FALSE,CONTRADICTING,0.205,TRAIN,CRIMINAL,P00074:INNOCENT;P00378:INNOCENT
SUSPECTED,SUPPORTING,0.720,TRAIN,CRIMINAL,P00226:SUSPECT;P00007:SUSPECT;P00422:SUSPECT;P00045:SUSPECT
CONFIRMED,SUPPORTING,0.867,TRAIN,CRIMINAL,P00422:SUSPECT;P00485:SUSPECT;P00007:SUSPECT;P00348:SUSPECT
CONFIRMED,SUPPORTING,0.940,TRAIN,CRIMINAL,P00226:SUSPECT;P00074:SUSPECT
CONFIRMED,SUPPORTING,0.918,TRAIN,CRIMINAL,P00485:SUSPECT;P00348:SUSPECT
FALSE,CONTRADICTING,0.194,TRAIN,CRIMINAL,P00378:INNOCENT;P00045:INNOCENT
SUSPECTED,SUPPORTING,0.705,TRAIN,CRIMINAL,P00007:SUSPECT;P00045:SUSPECT
CONFIRMED,SUPPORTING,0.840,TRAIN,CRIMINAL,P00198:SUSPECT;P00045:SUSPECT;P00007:SUSPECT;P00378:SUSPECT
CONFIRMED,SUPPORTING,0.884,TRAIN,CRIMINAL,P00185:SUSPECT;P00438:SUSPECT
SUSPECTED,SUPPORTING,0.811,TRAIN,CRIMINAL,P00212:SUSPECT;P00438:SUSPECT
FALSE,CONTRADICTING,0.306,TRAIN,CRIMINAL,P00137:INNOCENT;P00028:INNOCENT;P00438:INNOCENT
UNKNOWN,NEUTRAL,0.438,TRAIN,CRIMINAL,P00212:UNRESOLVED;P00404:UNRESOLVED;P00430:UNRESOLVED
CONFIRMED,SUPPORTING,0.830,TRAIN,CRIMINAL,P00212:SUSPECT;P00404:SUSPECT
FALSE,CONTRADICTING,0.417,TRAIN,CRIMINAL,P00125:INNOCENT;P00430:INNOCENT;P00028:INNOCENT
CONFIRMED,SUPPORTING,0.956,TRAIN,CRIMINAL,P00439:SUSPECT;P00185:SUSPECT;P00212:SUSPECT;P00072:SUSPECT
CONFIRMED,SUPPORTING,0.908,TRAIN,CRIMINAL,P00125:SUSPECT;P00326:SUSPECT;P00028:SUSPECT;P00299:SUSPECT
CONFIRMED,SUPPORTING,0.916,TRAIN,CRIMINAL,P00438:SUSPECT;P00430:SUSPECT;P00137:SUSPECT
SUSPECTED,SUPPORTING,0.817,TRAIN,CRIMINAL,P00137:SUSPECT;P00212:SUSPECT;P00326:SUSPECT;P00439:SUSPECT
CONFIRMED,SUPPORTING,0.927,TRAIN,CRIMINAL,P00095:SUSPECT;P00110:SUSPECT
CONFIRMED,SUPPORTING,0.908,TRAIN,CRIMINAL,P00394:SUSPECT;P00095:SUSPECT;P00357:SUSPECT
CONFIRMED,SUPPORTING,0.979,TRAIN,CRIMINAL,P00241:SUSPECT;P00357:SUSPECT
UNKNOWN,NEUTRAL,0.269,TRAIN,CRIMINAL,P00023:UNRESOLVED;P00110:UNRESOLVED
CONFIRMED,SUPPORTING,0.887,TRAIN,CRIMINAL,P00394:SUSPECT;P00110:SUSPECT;P00023:SUSPECT
SUSPECTED,SUPPORTING,0.599,TRAIN,CRIMINAL,P00095:SUSPECT;P00255:SUSPECT;P00394:SUSPECT;P00023:SUSPECT
CONFIRMED,SUPPORTING,0.968,TRAIN,CRIMINAL,P00394:SUSPECT;P00023:SUSPECT;P00095:SUSPECT;P00241:SUSPECT
SUSPECTED,SUPPORTING,0.827,TRAIN,CRIMINAL,P00110:SUSPECT;P00023:SUSPECT;P00255:SUSPECT
SUSPECTED,SUPPORTING,0.779,TRAIN,CRIMINAL,P00255:SUSPECT;P00023:SUSPECT;P00095:SUSPECT;P00241:SUSPECT
CONFIRMED,SUPPORTING,0.989,TRAIN,CRIMINAL,P00110:SUSPECT;P00023:SUSPECT;P00357:SUSPECT;P00255:SUSPECT
SUSPECTED,SUPPORTING,0.770,TRAIN,CRIMINAL,P00488:SUSPECT;P00279:SUSPECT
CONFIRMED,SUPPORTING,0.911,TRAIN,CRIMINAL,P00474:SUSPECT;P00364:SUSPECT;P00020:SUSPECT
CONFIRMED,SUPPORTING,0.953,TRAIN,CRIMINAL,P00132:SUSPECT;P00214:SUSPECT
CONFIRMED,SUPPORTING,0.923,TRAIN,CRIMINAL,P00364:SUSPECT;P00474:SUSPECT;P00132:SUSPECT
SUSPECTED,SUPPORTING,0.809,TRAIN,CRIMINAL,P00132:SUSPECT;P00324:SUSPECT;P00175:SUSPECT;P00214:SUSPECT
FALSE,CONTRADICTING,0.270,TRAIN,CRIMINAL,P00175:INNOCENT;P00020:INNOCENT
CONFIRMED,SUPPORTING,0.893,TRAIN,CRIMINAL,P00132:SUSPECT;P00324:SUSPECT
CONFIRMED,SUPPORTING,0.896,TRAIN,CRIMINAL,P00059:SUSPECT;P00474:SUSPECT
CONFIRMED,SUPPORTING,0.911,TRAIN,CRIMINAL,P00488:SUSPECT;P00008:SUSPECT;P00059:SUSPECT;P00474:SUSPECT
SUSPECTED,SUPPORTING,0.655,TRAIN,CRIMINAL,P00008:SUSPECT;P00324:SUSPECT;P00020:SUSPECT
SUSPECTED,SUPPORTING,0.648,TRAIN,CRIMINAL,P00258:SUSPECT;P00027:SUSPECT
UNKNOWN,NEUTRAL,0.365,TRAIN,CRIMINAL,P00027:UNRESOLVED;P00391:UNRESOLVED;P00258:UNRESOLVED;P00430:UNRESOLVED
SUSPECTED,SUPPORTING,0.806,TRAIN,CRIMINAL,P00133:SUSPECT;P00205:SUSPECT;P00157:SUSPECT;P00391:SUSPECT
SUSPECTED,SUPPORTING,0.854,TRAIN,CRIMINAL,P00205:SUSPECT;P00391:SUSPECT;P00374:SUSPECT
CONFIRMED,SUPPORTING,0.851,TRAIN,CRIMINAL,P00157:SUSPECT;P00205:SUSPECT;P00133:SUSPECT
SUSPECTED,SUPPORTING,0.639,TRAIN,CRIMINAL,P00027:SUSPECT;P00157:SUSPECT;P00374:SUSPECT;P00430:SUSPECT
SUSPECTED,SUPPORTING,0.659,TRAIN,CRIMINAL,P00205:SUSPECT;P00391:SUSPECT;P00157:SUSPECT
UNKNOWN,NEUTRAL,0.332,TRAIN,CRIMINAL,P00086:UNRESOLVED;P00374:UNRESOLVED;P00201:UNRESOLVED;P00133:UNRESOLVED
CONFIRMED,SUPPORTING,0.894,TRAIN,CRIMINAL,P00086:SUSPECT;P00430:SUSPECT
CONFIRMED,SUPPORTING,0.984,TRAIN,CRIMINAL,P00430:SUSPECT;P00086:SUSPECT;P00391:SUSPECT
CONFIRMED,SUPPORTING,0.872,TRAIN,CRIMINAL,P00295:SUSPECT;P00381:SUSPECT;P00200:SUSPECT;P00169:SUSPECT
SUSPECTED,SUPPORTING,0.739,TRAIN,CRIMINAL,P00065:SUSPECT;P00169:SUSPECT;P00017:SUSPECT
FALSE,CONTRADICTING,0.248,TRAIN,CRIMINAL,P00109:INNOCENT;P00017:INNOCENT;P00167:INNOCENT;P00200:INNOCENT
SUSPECTED,SUPPORTING,0.610,TRAIN,CRIMINAL,P00017:SUSPECT;P00295:SUSPECT;P00063:SUSPECT
CONFIRMED,SUPPORTING,0.928,TRAIN,CRIMINAL,P00295:SUSPECT;P00065:SUSPECT
CONFIRMED,SUPPORTING,0.908,TRAIN,CRIMINAL,P00167:SUSPECT;P00073:SUSPECT;P00414:SUSPECT;P00381:SUSPECT
FALSE,CONTRADICTING,0.222,TRAIN,CRIMINAL,P00295:INNOCENT;P00109:INNOCENT;P00414:INNOCENT
UNKNOWN,NEUTRAL,0.402,TRAIN,CRIMINAL,P00073:UNRESOLVED;P00017:UNRESOLVED;P00381:UNRESOLVED;P00312:UNRESOLVED
CONFIRMED,SUPPORTING,0.926,TRAIN,CRIMINAL,P00109:SUSPECT;P00312:SUSPECT;P00414:SUSPECT
SUSPECTED,SUPPORTING,0.808,TRAIN,CRIMINAL,P00169:SUSPECT;P00381:SUSPECT
UNKNOWN,NEUTRAL,0.217,TRAIN,CRIMINAL,P00004:UNRESOLVED;P00171:UNRESOLVED;P00283:UNRESOLVED;P00455:UNRESOLVED
CONFIRMED,SUPPORTING,0.969,TRAIN,CRIMINAL,P00131:SUSPECT;P00283:SUSPECT;P00455:SUSPECT;P00006:SUSPECT
SUSPECTED,SUPPORTING,0.644,TRAIN,CRIMINAL,P00171:SUSPECT;P00015:SUSPECT;P00131:SUSPECT;P00455:SUSPECT
CONFIRMED,SUPPORTING,0.905,TRAIN,CRIMINAL,P00015:SUSPECT;P00006:SUSPECT
CONFIRMED,SUPPORTING,0.820,TRAIN,CRIMINAL,P00171:SUSPECT;P00203:SUSPECT;P00004:SUSPECT
CONFIRMED,SUPPORTING,0.821,TRAIN,CRIMINAL,P00004:SUSPECT;P00015:SUSPECT;P00203:SUSPECT;P00006:SUSPECT
CONFIRMED,SUPPORTING,0.880,TRAIN,CRIMINAL,P00203:SUSPECT;P00131:SUSPECT;P00004:SUSPECT
CONFIRMED,SUPPORTING,0.930,TRAIN,CRIMINAL,P00283:SUSPECT;P00203:SUSPECT;P00455:SUSPECT;P00171:SUSPECT
UNKNOWN,NEUTRAL,0.299,TRAIN,CRIMINAL,P00131:UNRESOLVED;P00004:UNRESOLVED
CONFIRMED,SUPPORTING,0.980,TRAIN,CRIMINAL,P00131:SUSPECT;P00015:SUSPECT
UNKNOWN,NEUTRAL,0.282,TRAIN,CRIMINAL,P00458:UNRESOLVED;P00237:UNRESOLVED;P00127:UNRESOLVED;P00037:UNRESOLVED
UNKNOWN,NEUTRAL,0.360,TRAIN,CRIMINAL,P00468:UNRESOLVED;P00237:UNRESOLVED
CONFIRMED,SUPPORTING,0.905,TRAIN,CRIMINAL,P00029:SUSPECT;P00237:SUSPECT
FALSE,CONTRADICTING,0.226,TRAIN,CRIMINAL,P00029:INNOCENT;P00127:INNOCENT
SUSPECTED,SUPPORTING,0.703,TRAIN,CRIMINAL,P00035:SUSPECT;P00037:SUSPECT;P00127:SUSPECT;P00029:SUSPECT
CONFIRMED,SUPPORTING,0.969,TRAIN,CRIMINAL,P00037:SUSPECT;P00029:SUSPECT;P00127:SUSPECT
SUSPECTED,SUPPORTING,0.801,TRAIN,CRIMINAL,P00029:SUSPECT;P00035:SUSPECT;P00484:SUSPECT;P00458:SUSPECT
CONFIRMED,SUPPORTING,0.981,TRAIN,CRIMINAL,P00035:SUSPECT;P00468:SUSPECT;P00237:SUSPECT
CONFIRMED,SUPPORTING,0.972,TRAIN,CRIMINAL,P00237:SUSPECT;P00291:SUSPECT;P00037:SUSPECT
CONFIRMED,SUPPORTING,0.868,TRAIN,CRIMINAL,P00127:SUSPECT;P00237:SUSPECT
CONFIRMED,SUPPORTING,0.820,TRAIN,CRIMINAL,P00255:SUSPECT;P00020:SUSPECT;P00193:SUSPECT
CONFIRMED,SUPPORTING,0.944,TRAIN,CRIMINAL,P00282:SUSPECT;P00277:SUSPECT;P00216:SUSPECT
UNKNOWN,NEUTRAL,0.463,TRAIN,CRIMINAL,P00020:UNRESOLVED;P00363:UNRESOLVED;P00308:UNRESOLVED
CONFIRMED,SUPPORTING,0.892,TRAIN,CRIMINAL,P00039:SUSPECT;P00216:SUSPECT;P00308:SUSPECT;P00193:SUSPECT
SUSPECTED,SUPPORTING,0.617,TRAIN,CRIMINAL,P00386:SUSPECT;P00039:SUSPECT;P00326:SUSPECT;P00153:SUSPECT
FALSE,CONTRADICTING,0.395,TRAIN,CRIMINAL,P00180:INNOCENT;P00380:INNOCENT;P00386:INNOCENT
CONFIRMED,SUPPORTING,0.946,TRAIN,CRIMINAL,P00193:SUSPECT;P00255:SUSPECT;P00020:SUSPECT;P00031:SUSPECT
SUSPECTED,SUPPORTING,0.811,TRAIN,CRIMINAL,P00363:SUSPECT;P00193:SUSPECT
UNKNOWN,NEUTRAL,0.203,TRAIN,CRIMINAL,P00308:UNRESOLVED;P00326:UNRESOLVED;P00386:UNRESOLVED
SUSPECTED,SUPPORTING,0.711,TRAIN,CRIMINAL,P00326:SUSPECT;P00232:SUSPECT
UNKNOWN,NEUTRAL,0.502,TRAIN,CRIMINAL,P00378:UNRESOLVED;P00446:UNRESOLVED;P00451:UNRESOLVED
CONFIRMED,SUPPORTING,0.936,TRAIN,CRIMINAL,P00237:SUSPECT;P00378:SUSPECT;P00372:SUSPECT
CONFIRMED,SUPPORTING,0.982,TRAIN,CRIMINAL,P00322:SUSPECT;P00241:SUSPECT
UNKNOWN,NEUTRAL,0.539,TRAIN,CRIMINAL,P00279:UNRESOLVED;P00266:UNRESOLVED
CONFIRMED,SUPPORTING,0.883,TRAIN,CRIMINAL,P00017:SUSPECT;P00275:SUSPECT;P00279:SUSPECT
CONFIRMED,SUPPORTING,0.954,TRAIN,CRIMINAL,P00322:SUSPECT;P00446:SUSPECT;P00378:SUSPECT;P00219:SUSPECT
CONFIRMED,SUPPORTING,0.850,TRAIN,CRIMINAL,P00030:SUSPECT;P00237:SUSPECT
SUSPECTED,SUPPORTING,0.716,TRAIN,CRIMINAL,P00241:SUSPECT;P00237:SUSPECT;P00030:SUSPECT
CONFIRMED,SUPPORTING,0.956,TRAIN,CRIMINAL,P00241:SUSPECT;P00219:SUSPECT;P00372:SUSPECT
CONFIRMED,SUPPORTING,0.930,TRAIN,CRIMINAL,P00030:SUSPECT;P00275:SUSPECT
CONFIRMED,SUPPORTING,0.939,TRAIN,CRIMINAL,P00045:SUSPECT;P00414:SUSPECT
UNKNOWN,NEUTRAL,0.249,TRAIN,CRIMINAL,P00483:UNRESOLVED;P00045:UNRESOLVED;P00323:UNRESOLVED;P00060:UNRESOLVED
UNKNOWN,NEUTRAL,0.201,TRAIN,CRIMINAL,P00479:UNRESOLVED;P00229:UNRESOLVED
FALSE,CONTRADICTING,0.412,TRAIN,CRIMINAL,P00108:INNOCENT;P00060:INNOCENT;P00479:INNOCENT;P00171:INNOCENT
UNKNOWN,NEUTRAL,0.508,TRAIN,CRIMINAL,P00010:UNRESOLVED;P00414:UNRESOLVED;P00060:UNRESOLVED;P00483:UNRESOLVED
FALSE,CONTRADICTING,0.372,TRAIN,CRIMINAL,P00060:INNOCENT;P00108:INNOCENT;P00479:INNOCENT
CONFIRMED,SUPPORTING,0.951,TRAIN,CRIMINAL,P00108:SUSPECT;P00229:SUSPECT;P00414:SUSPECT
CONFIRMED,SUPPORTING,0.971,TRAIN,CRIMINAL,P00377:SUSPECT;P00010:SUSPECT;P00241:SUSPECT
CONFIRMED,SUPPORTING,0.834,TRAIN,CRIMINAL,P00414:SUSPECT;P00171:SUSPECT;P00377:SUSPECT
CONFIRMED,SUPPORTING,0.831,TRAIN,CRIMINAL,P00108:SUSPECT;P00323:SUSPECT;P00241:SUSPECT;P00060:SUSPECT
CONFIRMED,SUPPORTING,0.950,TRAIN,CRIMINAL,P00288:SUSPECT;P00322:SUSPECT
SUSPECTED,SUPPORTING,0.803,TRAIN,CRIMINAL,P00422:SUSPECT;P00493:SUSPECT;P00470:SUSPECT
SUSPECTED,SUPPORTING,0.604,TRAIN,CRIMINAL,P00322:SUSPECT;P00215:SUSPECT;P00033:SUSPECT
CONFIRMED,SUPPORTING,0.983,TRAIN,CRIMINAL,P00422:SUSPECT;P00265:SUSPECT;P00215:SUSPECT
UNKNOWN,NEUTRAL,0.265,TRAIN,CRIMINAL,P00033:UNRESOLVED;P00448:UNRESOLVED;P00053:UNRESOLVED
UNKNOWN,NEUTRAL,0.291,TRAIN,CRIMINAL,P00076:UNRESOLVED;P00265:UNRESOLVED;P00201:UNRESOLVED;P00077:UNRESOLVED
CONFIRMED,SUPPORTING,0.833,TRAIN,CRIMINAL,P00288:SUSPECT;P00033:SUSPECT;P00470:SUSPECT;P00493:SUSPECT
FALSE,CONTRADICTING,0.282,TRAIN,CRIMINAL,P00422:INNOCENT;P00167:INNOCENT
FALSE,CONTRADICTING,0.157,TRAIN,CRIMINAL,P00115:INNOCENT;P00493:INNOCENT
UNKNOWN,NEUTRAL,0.297,TRAIN,CRIMINAL,P00215:UNRESOLVED;P00053:UNRESOLVED
CONFIRMED,SUPPORTING,0.898,TRAIN,CRIMINAL,P00204:SUSPECT;P00018:SUSPECT;P00175:SUSPECT;P00054:SUSPECT
CONFIRMED,SUPPORTING,0.975,TRAIN,CRIMINAL,P00294:SUSPECT;P00300:SUSPECT
SUSPECTED,SUPPORTING,0.838,TRAIN,CRIMINAL,P00006:SUSPECT;P00263:SUSPECT
SUSPECTED,SUPPORTING,0.710,TRAIN,CRIMINAL,P00475:SUSPECT;P00407:SUSPECT;P00300:SUSPECT;P00018:SUSPECT
UNKNOWN,NEUTRAL,0.336,TRAIN,CRIMINAL,P00204:UNRESOLVED;P00018:UNRESOLVED;P00175:UNRESOLVED;P00300:UNRESOLVED
CONFIRMED,SUPPORTING,0.843,TRAIN,CRIMINAL,P00475:SUSPECT;P00054:SUSPECT;P00263:SUSPECT;P00432:SUSPECT
UNKNOWN,NEUTRAL,0.289,TRAIN,CRIMINAL,P00204:UNRESOLVED;P00054:UNRESOLVED;P00446:UNRESOLVED
CONFIRMED,SUPPORTING,0.882,TRAIN,CRIMINAL,P00204:SUSPECT;P00006:SUSPECT;P00305:SUSPECT
CONFIRMED,SUPPORTING,0.954,TRAIN,CRIMINAL,P00475:SUSPECT;P00305:SUSPECT;P00432:SUSPECT
CONFIRMED,SUPPORTING,0.878,TRAIN,CRIMINAL,P00294:SUSPECT;P00006:SUSPECT
CONFIRMED,SUPPORTING,0.948,TRAIN,CRIMINAL,P00022:SUSPECT;P00050:SUSPECT;P00038:SUSPECT;P00242:SUSPECT
CONFIRMED,SUPPORTING,0.954,TRAIN,CRIMINAL,P00159:SUSPECT;P00242:SUSPECT
CONFIRMED,SUPPORTING,0.892,TRAIN,CRIMINAL,P00038:SUSPECT;P00326:SUSPECT;P00238:SUSPECT;P00159:SUSPECT
CONFIRMED,SUPPORTING,0.956,TRAIN,CRIMINAL,P00386:SUSPECT;P00238:SUSPECT;P00326:SUSPECT
CONFIRMED,SUPPORTING,0.821,TRAIN,CRIMINAL,P00083:SUSPECT;P00022:SUSPECT;P00044:SUSPECT;P00074:SUSPECT
FALSE,CONTRADICTING,0.150,TRAIN,CRIMINAL,P00074:INNOCENT;P00044:INNOCENT;P00326:INNOCENT
CONFIRMED,SUPPORTING,0.972,TRAIN,CRIMINAL,P00018:SUSPECT;P00050:SUSPECT;P00191:SUSPECT
UNKNOWN,NEUTRAL,0.273,TRAIN,CRIMINAL,P00114:UNRESOLVED;P00018:UNRESOLVED;P00386:UNRESOLVED;P00044:UNRESOLVED
SUSPECTED,SUPPORTING,0.645,TRAIN,CRIMINAL,P00022:SUSPECT;P00038:SUSPECT;P00018:SUSPECT;P00159:SUSPECT
SUSPECTED,SUPPORTING,0.715,TRAIN,CRIMINAL,P00044:SUSPECT;P00159:SUSPECT;P00050:SUSPECT
CONFIRMED,SUPPORTING,0.827,TRAIN,CRIMINAL,P00156:SUSPECT;P00435:SUSPECT
UNKNOWN,NEUTRAL,0.543,TRAIN,CRIMINAL,P00375:UNRESOLVED;P00435:UNRESOLVED;P00014:UNRESOLVED;P00463:UNRESOLVED
CONFIRMED,SUPPORTING,0.850,TRAIN,CRIMINAL,P00375:SUSPECT;P00497:SUSPECT;P00156:SUSPECT
CONFIRMED,SUPPORTING,0.926,TRAIN,CRIMINAL,P00156:SUSPECT;P00014:SUSPECT
CONFIRMED,SUPPORTING,0.933,TRAIN,CRIMINAL,P00435:SUSPECT;P00014:SUSPECT;P00156:SUSPECT;P00375:SUSPECT
CONFIRMED,SUPPORTING,0.951,TRAIN,CRIMINAL,P00156:SUSPECT;P00316:SUSPECT;P00244:SUSPECT
CONFIRMED,SUPPORTING,0.966,TRAIN,CRIMINAL,P00375:SUSPECT;P00463:SUSPECT;P00316:SUSPECT
UNKNOWN,NEUTRAL,0.478,TRAIN,CRIMINAL,P00244:UNRESOLVED;P00463:UNRESOLVED
FALSE,CONTRADICTING,0.156,TRAIN,CRIMINAL,P00156:INNOCENT;P00014:INNOCENT;P00435:INNOCENT
CONFIRMED,SUPPORTING,0.932,TRAIN,CRIMINAL,P00435:SUSPECT;P00014:SUSPECT
UNKNOWN,NEUTRAL,0.281,TRAIN,CRIMINAL,P00373:UNRESOLVED;P00289:UNRESOLVED;P00124:UNRESOLVED
CONFIRMED,SUPPORTING,0.975,TRAIN,CRIMINAL,P00019:SUSPECT;P00100:SUSPECT;P00212:SUSPECT
SUSPECTED,SUPPORTING,0.798,TRAIN,CRIMINAL,P00413:SUSPECT;P00373:SUSPECT
CONFIRMED,SUPPORTING,0.968,TRAIN,CRIMINAL,P00225:SUSPECT;P00413:SUSPECT
CONFIRMED,SUPPORTING,0.912,TRAIN,CRIMINAL,P00316:SUSPECT;P00034:SUSPECT
CONFIRMED,SUPPORTING,0.895,TRAIN,CRIMINAL,P00034:SUSPECT;P00316:SUSPECT;P00019:SUSPECT;P00073:SUSPECT
SUSPECTED,SUPPORTING,0.671,TRAIN,CRIMINAL,P00033:SUSPECT;P00212:SUSPECT;P00023:SUSPECT
CONFIRMED,SUPPORTING,0.893,TRAIN,CRIMINAL,P00124:SUSPECT;P00225:SUSPECT;P00019:SUSPECT
CONFIRMED,SUPPORTING,0.836,TRAIN,CRIMINAL,P00034:SUSPECT;P00373:SUSPECT;P00124:SUSPECT
CONFIRMED,SUPPORTING,0.872,TRAIN,CRIMINAL,P00100:SUSPECT;P00413:SUSPECT
SUSPECTED,SUPPORTING,0.657,TRAIN,CRIMINAL,P00044:SUSPECT;P00261:SUSPECT;P00323:SUSPECT
CONFIRMED,SUPPORTING,0.897,TRAIN,CRIMINAL,P00240:SUSPECT;P00164:SUSPECT
CONFIRMED,SUPPORTING,0.837,TRAIN,CRIMINAL,P00261:SUSPECT;P00172:SUSPECT;P00044:SUSPECT;P00164:SUSPECT
CONFIRMED,SUPPORTING,0.919,TRAIN,CRIMINAL,P00122:SUSPECT;P00020:SUSPECT;P00058:SUSPECT;P00044:SUSPECT
UNKNOWN,NEUTRAL,0.279,TRAIN,CRIMINAL,P00122:UNRESOLVED;P00044:UNRESOLVED;P00240:UNRESOLVED
SUSPECTED,SUPPORTING,0.609,TRAIN,CRIMINAL,P00352:SUSPECT;P00330:SUSPECT
CONFIRMED,SUPPORTING,0.890,TRAIN,CRIMINAL,P00261:SUSPECT;P00164:SUSPECT
CONFIRMED,SUPPORTING,0.976,TRAIN,CRIMINAL,P00425:SUSPECT;P00323:SUSPECT
SUSPECTED,SUPPORTING,0.671,TRAIN,CRIMINAL,P00044:SUSPECT;P00122:SUSPECT;P00425:SUSPECT;P00330:SUSPECT
CONFIRMED,SUPPORTING,0.966,TRAIN,CRIMINAL,P00164:SUSPECT;P00330:SUSPECT;P00020:SUSPECT
UNKNOWN,NEUTRAL,0.271,TRAIN,CRIMINAL,P00364:UNRESOLVED;P00498:UNRESOLVED;P00071:UNRESOLVED
SUSPECTED,SUPPORTING,0.671,TRAIN,CRIMINAL,P00260:SUSPECT;P00498:SUSPECT;P00082:SUSPECT;P00127:SUSPECT
FALSE,CONTRADICTING,0.411,TRAIN,CRIMINAL,P00071:INNOCENT;P00306:INNOCENT;P00082:INNOCENT;P00063:INNOCENT
CONFIRMED,SUPPORTING,0.939,TRAIN,CRIMINAL,P00364:SUSPECT;P00260:SUSPECT;P00071:SUSPECT;P00082:SUSPECT
UNKNOWN,NEUTRAL,0.388,TRAIN,CRIMINAL,P00071:UNRESOLVED;P00260:UNRESOLVED;P00319:UNRESOLVED;P00127:UNRESOLVED
FALSE,CONTRADICTING,0.255,TRAIN,CRIMINAL,P00498:INNOCENT;P00364:INNOCENT
CONFIRMED,SUPPORTING,0.971,TRAIN,CRIMINAL,P00364:SUSPECT;P00498:SUSPECT;P00082:SUSPECT;P00153:SUSPECT
CONFIRMED,SUPPORTING,0.967,TRAIN,CRIMINAL,P00364:SUSPECT;P00260:SUSPECT;P00063:SUSPECT;P00082:SUSPECT
UNKNOWN,NEUTRAL,0.320,TRAIN,CRIMINAL,P00498:UNRESOLVED;P00364:UNRESOLVED
UNKNOWN,NEUTRAL,0.441,TRAIN,CRIMINAL,P00082:UNRESOLVED;P00306:UNRESOLVED;P00063:UNRESOLVED;P00260:UNRESOLVED
CONFIRMED,SUPPORTING,0.932,TRAIN,CRIMINAL,P00117:SUSPECT;P00318:SUSPECT
CONFIRMED,SUPPORTING,0.930,TRAIN,CRIMINAL,P00030:SUSPECT;P00318:SUSPECT;P00123:SUSPECT
CONFIRMED,SUPPORTING,0.889,TRAIN,CRIMINAL,P00117:SUSPECT;P00318:SUSPECT;P00405:SUSPECT;P00028:SUSPECT
UNKNOWN,NEUTRAL,0.250,TRAIN,CRIMINAL,P00011:UNRESOLVED;P00405:UNRESOLVED;P00117:UNRESOLVED
SUSPECTED,SUPPORTING,0.800,TRAIN,CRIMINAL,P00030:SUSPECT;P00011:SUSPECT
UNKNOWN,NEUTRAL,0.228,TRAIN,CRIMINAL,P00318:UNRESOLVED;P00142:UNRESOLVED;P00030:UNRESOLVED;P00123:UNRESOLVED
CONFIRMED,SUPPORTING,0.919,TRAIN,CRIMINAL,P00405:SUSPECT;P00318:SUSPECT;P00123:SUSPECT;P00117:SUSPECT
CONFIRMED,SUPPORTING,0.921,TRAIN,CRIMINAL,P00142:SUSPECT;P00405:SUSPECT;P00117:SUSPECT;P00030:SUSPECT
CONFIRMED,SUPPORTING,0.908,TRAIN,CRIMINAL,P00117:SUSPECT;P00123:SUSPECT
UNKNOWN,NEUTRAL,0.374,TRAIN,CRIMINAL,P00123:UNRESOLVED;P00117:UNRESOLVED
UNKNOWN,NEUTRAL,0.420,TRAIN,CRIMINAL,P00318:UNRESOLVED;P00167:UNRESOLVED
CONFIRMED,SUPPORTING,0.843,TRAIN,CRIMINAL,P00318:SUSPECT;P00167:SUSPECT;P00237:SUSPECT
CONFIRMED,SUPPORTING,0.847,TRAIN,CRIMINAL,P00045:SUSPECT;P00129:SUSPECT
CONFIRMED,SUPPORTING,0.830,TRAIN,CRIMINAL,P00351:SUSPECT;P00167:SUSPECT;P00045:SUSPECT;P00318:SUSPECT
CONFIRMED,SUPPORTING,0.971,TRAIN,CRIMINAL,P00101:SUSPECT;P00351:SUSPECT
CONFIRMED,SUPPORTING,0.931,TRAIN,CRIMINAL,P00045:SUSPECT;P00351:SUSPECT
CONFIRMED,SUPPORTING,0.968,TRAIN,CRIMINAL,P00101:SUSPECT;P00167:SUSPECT;P00318:SUSPECT
CONFIRMED,SUPPORTING,0.882,TRAIN,CRIMINAL,P00129:SUSPECT;P00237:SUSPECT;P00318:SUSPECT;P00045:SUSPECT
CONFIRMED,SUPPORTING,0.889,TRAIN,CRIMINAL,P00351:SUSPECT;P00318:SUSPECT
FALSE,CONTRADICTING,0.415,TRAIN,CRIMINAL,P00351:INNOCENT;P00167:INNOCENT;P00237:INNOCENT;P00101:INNOCENT
CONFIRMED,SUPPORTING,0.831,TRAIN,CRIMINAL,P00464:SUSPECT;P00102:SUSPECT;P00071:SUSPECT
CONFIRMED,SUPPORTING,0.922,TRAIN,CRIMINAL,P00102:SUSPECT;P00263:SUSPECT
CONFIRMED,SUPPORTING,0.919,TRAIN,CRIMINAL,P00156:SUSPECT;P00263:SUSPECT;P00414:SUSPECT
SUSPECTED,SUPPORTING,0.763,TRAIN,CRIMINAL,P00263:SUSPECT;P00055:SUSPECT;P00069:SUSPECT
CONFIRMED,SUPPORTING,0.953,TRAIN,CRIMINAL,P00414:SUSPECT;P00069:SUSPECT;P00156:SUSPECT
CONFIRMED,SUPPORTING,0.860,TRAIN,CRIMINAL,P00061:SUSPECT;P00342:SUSPECT;P00233:SUSPECT;P00069:SUSPECT
CONFIRMED,SUPPORTING,0.943,TRAIN,CRIMINAL,P00414:SUSPECT;P00071:SUSPECT;P00061:SUSPECT
CONFIRMED,SUPPORTING,0.961,TRAIN,CRIMINAL,P00102:SUSPECT;P00055:SUSPECT
UNKNOWN,NEUTRAL,0.247,TRAIN,CRIMINAL,P00102:UNRESOLVED;P00414:UNRESOLVED
CONFIRMED,SUPPORTING,0.828,TRAIN,CRIMINAL,P00102:SUSPECT;P00156:SUSPECT;P00055:SUSPECT;P00071:SUSPECT
CONFIRMED,SUPPORTING,0.922,TRAIN,CRIMINAL,P00454:SUSPECT;P00031:SUSPECT;P00221:SUSPECT;P00397:SUSPECT
CONFIRMED,SUPPORTING,0.915,TRAIN,CRIMINAL,P00108:SUSPECT;P00221:SUSPECT;P00408:SUSPECT;P00031:SUSPECT
CONFIRMED,SUPPORTING,0.890,TRAIN,CRIMINAL,P00397:SUSPECT;P00108:SUSPECT;P00221:SUSPECT;P00478:SUSPECT
CONFIRMED,SUPPORTING,0.824,TRAIN,CRIMINAL,P00221:SUSPECT;P00397:SUSPECT;P00478:SUSPECT
CONFIRMED,SUPPORTING,0.974,TRAIN,CRIMINAL,P00221:SUSPECT;P00454:SUSPECT;P00031:SUSPECT;P00408:SUSPECT
FALSE,CONTRADICTING,0.394,TRAIN,CRIMINAL,P00478:INNOCENT;P00031:INNOCENT;P00397:INNOCENT;P00408:INNOCENT
CONFIRMED,SUPPORTING,0.940,TRAIN,CRIMINAL,P00408:SUSPECT;P00454:SUSPECT
SUSPECTED,SUPPORTING,0.823,TRAIN,CRIMINAL,P00408:SUSPECT;P00454:SUSPECT
CONFIRMED,SUPPORTING,0.924,TRAIN,CRIMINAL,P00397:SUSPECT;P00408:SUSPECT
CONFIRMED,SUPPORTING,0.939,TRAIN,CRIMINAL,P00454:SUSPECT;P00108:SUSPECT;P00397:SUSPECT
FALSE,CONTRADICTING,0.357,TRAIN,CRIMINAL,P00067:INNOCENT;P00297:INNOCENT
SUSPECTED,SUPPORTING,0.819,TRAIN,CRIMINAL,P00267:SUSPECT;P00370:SUSPECT;P00431:SUSPECT;P00297:SUSPECT
UNKNOWN,NEUTRAL,0.217,TRAIN,CRIMINAL,P00267:UNRESOLVED;P00350:UNRESOLVED;P00244:UNRESOLVED
SUSPECTED,SUPPORTING,0.594,TRAIN,CRIMINAL,P00498:SUSPECT;P00297:SUSPECT
UNKNOWN,NEUTRAL,0.275,TRAIN,CRIMINAL,P00297:UNRESOLVED;P00434:UNRESOLVED;P00498:UNRESOLVED;P00370:UNRESOLVED
UNKNOWN,NEUTRAL,0.292,TRAIN,CRIMINAL,P00403:UNRESOLVED;P00370:UNRESOLVED
CONFIRMED,SUPPORTING,0.906,TRAIN,CRIMINAL,P00267:SUSPECT;P00499:SUSPECT;P00135:SUSPECT;P00102:SUSPECT
CONFIRMED,SUPPORTING,0.980,TRAIN,CRIMINAL,P00498:SUSPECT;P00267:SUSPECT;P00403:SUSPECT
CONFIRMED,SUPPORTING,0.939,TRAIN,CRIMINAL,P00431:SUSPECT;P00350:SUSPECT;P00297:SUSPECT
SUSPECTED,SUPPORTING,0.725,TRAIN,CRIMINAL,P00135:SUSPECT;P00370:SUSPECT;P00499:SUSPECT;P00297:SUSPECT
CONFIRMED,SUPPORTING,0.837,TRAIN,CRIMINAL,P00308:SUSPECT;P00258:SUSPECT;P00363:SUSPECT;P00055:SUSPECT
CONFIRMED,SUPPORTING,0.846,TRAIN,CRIMINAL,P00055:SUSPECT;P00308:SUSPECT;P00238:SUSPECT;P00384:SUSPECT
UNKNOWN,NEUTRAL,0.207,TRAIN,CRIMINAL,P00425:UNRESOLVED;P00055:UNRESOLVED
UNKNOWN,NEUTRAL,0.420,TRAIN,CRIMINAL,P00258:UNRESOLVED;P00324:UNRESOLVED
CONFIRMED,SUPPORTING,0.902,TRAIN,CRIMINAL,P00324:SUSPECT;P00492:SUSPECT
CONFIRMED,SUPPORTING,0.824,TRAIN,CRIMINAL,P00055:SUSPECT;P00308:SUSPECT;P00363:SUSPECT;P00492:SUSPECT
FALSE,CONTRADICTING,0.389,TRAIN,CRIMINAL,P00494:INNOCENT;P00324:INNOCENT;P00483:INNOCENT
FALSE,CONTRADICTING,0.363,TRAIN,CRIMINAL,P00072:INNOCENT;P00003:INNOCENT;P00494:INNOCENT;P00055:INNOCENT
CONFIRMED,SUPPORTING,0.867,TRAIN,CRIMINAL,P00055:SUSPECT;P00374:SUSPECT
CONFIRMED,SUPPORTING,0.861,TRAIN,CRIMINAL,P00483:SUSPECT;P00166:SUSPECT;P00384:SUSPECT
UNKNOWN,NEUTRAL,0.331,TRAIN,CRIMINAL,P00307:UNRESOLVED;P00032:UNRESOLVED;P00265:UNRESOLVED
CONFIRMED,SUPPORTING,0.824,TRAIN,CRIMINAL,P00307:SUSPECT;P00148:SUSPECT
CONFIRMED,SUPPORTING,0.979,TRAIN,CRIMINAL,P00265:SUSPECT;P00143:SUSPECT;P00329:SUSPECT;P00305:SUSPECT
CONFIRMED,SUPPORTING,0.990,TRAIN,CRIMINAL,P00372:SUSPECT;P00032:SUSPECT
UNKNOWN,NEUTRAL,0.462,TRAIN,CRIMINAL,P00143:UNRESOLVED;P00329:UNRESOLVED
CONFIRMED,SUPPORTING,0.905,TRAIN,CRIMINAL,P00329:SUSPECT;P00305:SUSPECT;P00288:SUSPECT
CONFIRMED,SUPPORTING,0.821,TRAIN,CRIMINAL,P00032:SUSPECT;P00143:SUSPECT;P00329:SUSPECT
SUSPECTED,SUPPORTING,0.658,TRAIN,CRIMINAL,P00143:SUSPECT;P00329:SUSPECT;P00288:SUSPECT
CONFIRMED,SUPPORTING,0.857,TRAIN,CRIMINAL,P00288:SUSPECT;P00148:SUSPECT
CONFIRMED,SUPPORTING,0.972,TRAIN,CRIMINAL,P00307:SUSPECT;P00265:SUSPECT;P00488:SUSPECT
CONFIRMED,SUPPORTING,0.945,TRAIN,CRIMINAL,P00238:SUSPECT;P00239:SUSPECT;P00174:SUSPECT
SUSPECTED,SUPPORTING,0.728,TRAIN,CRIMINAL,P00289:SUSPECT;P00278:SUSPECT;P00033:SUSPECT;P00290:SUSPECT
SUSPECTED,SUPPORTING,0.788,TRAIN,CRIMINAL,P00310:SUSPECT;P00473:SUSPECT;P00318:SUSPECT
CONFIRMED,SUPPORTING,0.853,TRAIN,CRIMINAL,P00310:SUSPECT;P00289:SUSPECT
SUSPECTED,SUPPORTING,0.668,TRAIN,CRIMINAL,P00500:SUSPECT;P00128:SUSPECT
CONFIRMED,SUPPORTING,0.848,TRAIN,CRIMINAL,P00445:SUSPECT;P00318:SUSPECT;P00033:SUSPECT
FALSE,CONTRADICTING,0.251,TRAIN,CRIMINAL,P00484:INNOCENT;P00500:INNOCENT;P00290:INNOCENT;P00473:INNOCENT
SUSPECTED,SUPPORTING,0.640,TRAIN,CRIMINAL,P00318:SUSPECT;P00278:SUSPECT
SUSPECTED,SUPPORTING,0.623,TRAIN,CRIMINAL,P00278:SUSPECT;P00290:SUSPECT
CONFIRMED,SUPPORTING,0.977,TRAIN,CRIMINAL,P00500:SUSPECT;P00290:SUSPECT;P00415:SUSPECT
UNKNOWN,NEUTRAL,0.456,TRAIN,CRIMINAL,P00272:UNRESOLVED;P00246:UNRESOLVED;P00305:UNRESOLVED;P00281:UNRESOLVED
SUSPECTED,SUPPORTING,0.655,TRAIN,CRIMINAL,P00246:SUSPECT;P00398:SUSPECT;P00048:SUSPECT;P00260:SUSPECT
SUSPECTED,SUPPORTING,0.849,TRAIN,CRIMINAL,P00305:SUSPECT;P00007:SUSPECT;P00365:SUSPECT;P00398:SUSPECT
CONFIRMED,SUPPORTING,0.890,TRAIN,CRIMINAL,P00365:SUSPECT;P00305:SUSPECT;P00246:SUSPECT
CONFIRMED,SUPPORTING,0.918,TRAIN,CRIMINAL,P00281:SUSPECT;P00007:SUSPECT
SUSPECTED,SUPPORTING,0.728,TRAIN,CRIMINAL,P00285:SUSPECT;P00048:SUSPECT;P00007:SUSPECT;P00272:SUSPECT
CONFIRMED,SUPPORTING,0.883,TRAIN,CRIMINAL,P00398:SUSPECT;P00272:SUSPECT;P00305:SUSPECT;P00365:SUSPECT
CONFIRMED,SUPPORTING,0.937,TRAIN,CRIMINAL,P00289:SUSPECT;P00285:SUSPECT;P00007:SUSPECT
CONFIRMED,SUPPORTING,0.957,TRAIN,CRIMINAL,P00281:SUSPECT;P00289:SUSPECT
CONFIRMED,SUPPORTING,0.898,TRAIN,CRIMINAL,P00048:SUSPECT;P00272:SUSPECT;P00365:SUSPECT
UNKNOWN,NEUTRAL,0.439,TRAIN,MIXED,P00052:UNRESOLVED;P00089:UNRESOLVED;P00113:UNRESOLVED
CONFIRMED,SUPPORTING,0.939,TRAIN,MIXED,P00033:SUSPECT;P00475:SUSPECT
SUSPECTED,SUPPORTING,0.815,TRAIN,MIXED,P00292:SUSPECT;P00113:SUSPECT;P00333:SUSPECT
CONFIRMED,SUPPORTING,0.847,TRAIN,MIXED,P00386:SUSPECT;P00292:SUSPECT
FALSE,CONTRADICTING,0.140,TRAIN,MIXED,P00292:INNOCENT;P00195:INNOCENT;P00069:INNOCENT;P00475:INNOCENT
CONFIRMED,SUPPORTING,0.932,TRAIN,MIXED,P00464:SUSPECT;P00203:SUSPECT;P00052:SUSPECT;P00069:SUSPECT
CONFIRMED,SUPPORTING,0.974,TRAIN,MIXED,P00089:SUSPECT;P00333:SUSPECT
CONFIRMED,SUPPORTING,0.966,TRAIN,MIXED,P00195:SUSPECT;P00292:SUSPECT;P00029:SUSPECT;P00203:SUSPECT
CONFIRMED,SUPPORTING,0.891,TRAIN,MIXED,P00333:SUSPECT;P00203:SUSPECT
CONFIRMED,SUPPORTING,0.928,TRAIN,MIXED,P00421:SUSPECT;P00402:SUSPECT;P00333:SUSPECT;P00069:SUSPECT
CONFIRMED,SUPPORTING,0.891,TRAIN,MIXED,P00458:SUSPECT;P00288:SUSPECT
CONFIRMED,SUPPORTING,0.862,TRAIN,MIXED,P00378:SUSPECT;P00162:SUSPECT;P00204:SUSPECT
CONFIRMED,SUPPORTING,0.964,TRAIN,MIXED,P00372:SUSPECT;P00218:SUSPECT
SUSPECTED,SUPPORTING,0.770,TRAIN,MIXED,P00378:SUSPECT;P00032:SUSPECT;P00027:SUSPECT;P00418:SUSPECT
CONFIRMED,SUPPORTING,0.918,TRAIN,MIXED,P00372:SUSPECT;P00162:SUSPECT;P00027:SUSPECT;P00272:SUSPECT
CONFIRMED,SUPPORTING,0.893,TRAIN,MIXED,P00060:SUSPECT;P00452:SUSPECT;P00386:SUSPECT
CONFIRMED,SUPPORTING,0.913,TRAIN,MIXED,P00032:SUSPECT;P00204:SUSPECT;P00162:SUSPECT;P00297:SUSPECT
CONFIRMED,SUPPORTING,0.903,TRAIN,MIXED,P00354:SUSPECT;P00060:SUSPECT;P00418:SUSPECT
FALSE,CONTRADICTING,0.138,TRAIN,MIXED,P00297:INNOCENT;P00249:INNOCENT
SUSPECTED,SUPPORTING,0.660,TRAIN,MIXED,P00162:SUSPECT;P00354:SUSPECT;P00272:SUSPECT;P00060:SUSPECT
SUSPECTED,SUPPORTING,0.819,TRAIN,MIXED,P00393:SUSPECT;P00111:SUSPECT;P00220:SUSPECT;P00180:SUSPECT
CONFIRMED,SUPPORTING,0.826,TRAIN,MIXED,P00054:SUSPECT;P00150:SUSPECT;P00446:SUSPECT;P00338:SUSPECT
FALSE,CONTRADICTING,0.315,TRAIN,MIXED,P00446:INNOCENT;P00054:INNOCENT;P00068:INNOCENT;P00190:INNOCENT
CONFIRMED,SUPPORTING,0.978,TRAIN,MIXED,P00271:SUSPECT;P00220:SUSPECT;P00100:SUSPECT;P00393:SUSPECT
CONFIRMED,SUPPORTING,0.865,TRAIN,MIXED,P00137:SUSPECT;P00393:SUSPECT;P00180:SUSPECT
UNKNOWN,NEUTRAL,0.273,TRAIN,MIXED,P00179:UNRESOLVED;P00185:UNRESOLVED
CONFIRMED,SUPPORTING,0.927,TRAIN,MIXED,P00446:SUSPECT;P00086:SUSPECT
CONFIRMED,SUPPORTING,0.893,TRAIN,MIXED,P00275:SUSPECT;P00150:SUSPECT
CONFIRMED,SUPPORTING,0.986,TRAIN,MIXED,P00100:SUSPECT;P00111:SUSPECT
SUSPECTED,SUPPORTING,0.693,TRAIN,MIXED,P00275:SUSPECT;P00086:SUSPECT;P00446:SUSPECT
CONFIRMED,SUPPORTING,0.906,TRAIN,MIXED,P00383:SUSPECT;P00213:SUSPECT;P00160:SUSPECT
CONFIRMED,SUPPORTING,0.874,TRAIN,MIXED,P00213:SUSPECT;P00272:SUSPECT
SUSPECTED,SUPPORTING,0.712,TRAIN,MIXED,P00113:SUSPECT;P00137:SUSPECT
CONFIRMED,SUPPORTING,0.865,TRAIN,MIXED,P00383:SUSPECT;P00213:SUSPECT;P00125:SUSPECT;P00467:SUSPECT
FALSE,CONTRADICTING,0.214,TRAIN,MIXED,P00418:INNOCENT;P00272:INNOCENT;P00113:INNOCENT
UNKNOWN,NEUTRAL,0.317,TRAIN,MIXED,P00213:UNRESOLVED;P00113:UNRESOLVED;P00160:UNRESOLVED
SUSPECTED,SUPPORTING,0.823,TRAIN,MIXED,P00423:SUSPECT;P00137:SUSPECT
FALSE,CONTRADICTING,0.286,TRAIN,MIXED,P00136:INNOCENT;P00392:INNOCENT;P00272:INNOCENT
CONFIRMED,SUPPORTING,0.837,TRAIN,MIXED,P00036:SUSPECT;P00137:SUSPECT
UNKNOWN,NEUTRAL,0.384,TRAIN,MIXED,P00213:UNRESOLVED;P00423:UNRESOLVED;P00113:UNRESOLVED
CONFIRMED,SUPPORTING,0.894,TRAIN,MIXED,P00007:SUSPECT;P00474:SUSPECT;P00134:SUSPECT;P00370:SUSPECT
UNKNOWN,NEUTRAL,0.500,TRAIN,MIXED,P00059:UNRESOLVED;P00392:UNRESOLVED;P00250:UNRESOLVED
CONFIRMED,SUPPORTING,0.865,TRAIN,MIXED,P00250:SUSPECT;P00328:SUSPECT;P00474:SUSPECT
CONFIRMED,SUPPORTING,0.901,TRAIN,MIXED,P00250:SUSPECT;P00328:SUSPECT;P00474:SUSPECT
SUSPECTED,SUPPORTING,0.635,TRAIN,MIXED,P00250:SUSPECT;P00474:SUSPECT
SUSPECTED,SUPPORTING,0.725,TRAIN,MIXED,P00250:SUSPECT;P00474:SUSPECT;P00304:SUSPECT
CONFIRMED,SUPPORTING,0.928,TRAIN,MIXED,P00304:SUSPECT;P00133:SUSPECT;P00250:SUSPECT;P00282:SUSPECT
UNKNOWN,NEUTRAL,0.518,TRAIN,MIXED,P00250:UNRESOLVED;P00282:UNRESOLVED
SUSPECTED,SUPPORTING,0.589,TRAIN,MIXED,P00328:SUSPECT;P00007:SUSPECT;P00304:SUSPECT
CONFIRMED,SUPPORTING,0.894,TRAIN,MIXED,P00392:SUSPECT;P00007:SUSPECT;P00133:SUSPECT;P00474:SUSPECT
SUSPECTED,SUPPORTING,0.818,TRAIN,MIXED,P00428:SUSPECT;P00019:SUSPECT;P00233:SUSPECT
UNKNOWN,NEUTRAL,0.389,TRAIN,MIXED,P00401:UNRESOLVED;P00469:UNRESOLVED
CONFIRMED,SUPPORTING,0.845,TRAIN,MIXED,P00469:SUSPECT;P00234:SUSPECT;P00401:SUSPECT;P00428:SUSPECT
CONFIRMED,SUPPORTING,0.857,TRAIN,MIXED,P00428:SUSPECT;P00401:SUSPECT
FALSE,CONTRADICTING,0.133,TRAIN,MIXED,P00428:INNOCENT;P00469:INNOCENT;P00356:INNOCENT;P00233:INNOCENT
CONFIRMED,SUPPORTING,0.866,TRAIN,MIXED,P00401:SUSPECT;P00469:SUSPECT;P00356:SUSPECT;P00428:SUSPECT
CONFIRMED,SUPPORTING,0.939,TRAIN,MIXED,P00469:SUSPECT;P00234:SUSPECT
CONFIRMED,SUPPORTING,0.902,TRAIN,MIXED,P00469:SUSPECT;P00428:SUSPECT;P00233:SUSPECT
FALSE,CONTRADICTING,0.390,TRAIN,MIXED,P00469:INNOCENT;P00401:INNOCENT
CONFIRMED,SUPPORTING,0.878,TRAIN,MIXED,P00019:SUSPECT;P00401:SUSPECT;P00233:SUSPECT;P00428:SUSPECT
CONFIRMED,SUPPORTING,0.920,TRAIN,MIXED,P00460:SUSPECT;P00024:SUSPECT;P00176:SUSPECT
CONFIRMED,SUPPORTING,0.940,TRAIN,MIXED,P00433:SUSPECT;P00176:SUSPECT;P00160:SUSPECT;P00351:SUSPECT
UNKNOWN,NEUTRAL,0.401,TRAIN,MIXED,P00460:UNRESOLVED;P00404:UNRESOLVED;P00067:UNRESOLVED;P00381:UNRESOLVED
SUSPECTED,SUPPORTING,0.770,TRAIN,MIXED,P00195:SUSPECT;P00415:SUSPECT
CONFIRMED,SUPPORTING,0.825,TRAIN,MIXED,P00247:SUSPECT;P00023:SUSPECT
CONFIRMED,SUPPORTING,0.841,TRAIN,MIXED,P00351:SUSPECT;P00456:SUSPECT;P00381:SUSPECT;P00136:SUSPECT
CONFIRMED,SUPPORTING,0.850,TRAIN,MIXED,P00456:SUSPECT;P00247:SUSPECT;P00195:SUSPECT;P00404:SUSPECT
UNKNOWN,NEUTRAL,0.224,TRAIN,MIXED,P00456:UNRESOLVED;P00351:UNRESOLVED
CONFIRMED,SUPPORTING,0.906,TRAIN,MIXED,P00039:SUSPECT;P00415:SUSPECT;P00351:SUSPECT
CONFIRMED,SUPPORTING,0.989,TRAIN,MIXED,P00456:SUSPECT;P00136:SUSPECT;P00024:SUSPECT;P00247:SUSPECT
FALSE,CONTRADICTING,0.127,TRAIN,MIXED,P00040:INNOCENT;P00221:INNOCENT;P00231:INNOCENT;P00379:INNOCENT
FALSE,CONTRADICTING,0.312,TRAIN,MIXED,P00237:INNOCENT;P00352:INNOCENT
UNKNOWN,NEUTRAL,0.504,TRAIN,MIXED,P00013:UNRESOLVED;P00065:UNRESOLVED;P00490:UNRESOLVED
SUSPECTED,SUPPORTING,0.769,TRAIN,MIXED,P00030:SUSPECT;P00352:SUSPECT;P00072:SUSPECT
UNKNOWN,NEUTRAL,0.375,TRAIN,MIXED,P00040:UNRESOLVED;P00047:UNRESOLVED
CONFIRMED,SUPPORTING,0.858,TRAIN,MIXED,P00379:SUSPECT;P00490:SUSPECT;P00231:SUSPECT;P00477:SUSPECT
CONFIRMED,SUPPORTING,0.824,TRAIN,MIXED,P00059:SUSPECT;P00237:SUSPECT;P00294:SUSPECT;P00490:SUSPECT
SUSPECTED,SUPPORTING,0.686,TRAIN,MIXED,P00352:SUSPECT;P00237:SUSPECT;P00047:SUSPECT;P00379:SUSPECT
CONFIRMED,SUPPORTING,0.968,TRAIN,MIXED,P00237:SUSPECT;P00013:SUSPECT;P00477:SUSPECT
CONFIRMED,SUPPORTING,0.823,TRAIN,MIXED,P00030:SUSPECT;P00237:SUSPECT
CONFIRMED,SUPPORTING,0.982,TRAIN,MIXED,P00107:SUSPECT;P00134:SUSPECT;P00196:SUSPECT
CONFIRMED,SUPPORTING,0.988,TRAIN,MIXED,P00393:SUSPECT;P00258:SUSPECT;P00196:SUSPECT
CONFIRMED,SUPPORTING,0.860,TRAIN,MIXED,P00034:SUSPECT;P00134:SUSPECT;P00264:SUSPECT;P00107:SUSPECT
UNKNOWN,NEUTRAL,0.430,TRAIN,MIXED,P00134:UNRESOLVED;P00105:UNRESOLVED;P00258:UNRESOLVED
SUSPECTED,SUPPORTING,0.780,TRAIN,MIXED,P00258:SUSPECT;P00393:SUSPECT;P00196:SUSPECT;P00378:SUSPECT
UNKNOWN,NEUTRAL,0.430,TRAIN,MIXED,P00196:UNRESOLVED;P00105:UNRESOLVED;P00034:UNRESOLVED
CONFIRMED,SUPPORTING,0.895,TRAIN,MIXED,P00034:SUSPECT;P00196:SUSPECT;P00258:SUSPECT;P00105:SUSPECT
CONFIRMED,SUPPORTING,0.870,TRAIN,MIXED,P00112:SUSPECT;P00196:SUSPECT;P00378:SUSPECT;P00034:SUSPECT
CONFIRMED,SUPPORTING,0.869,TRAIN,MIXED,P00107:SUSPECT;P00134:SUSPECT;P00393:SUSPECT
FALSE,CONTRADICTING,0.376,TRAIN,MIXED,P00264:INNOCENT;P00034:INNOCENT;P00393:INNOCENT;P00196:INNOCENT
CONFIRMED,SUPPORTING,0.861,TRAIN,MIXED,P00418:SUSPECT;P00417:SUSPECT;P00429:SUSPECT
CONFIRMED,SUPPORTING,0.901,TRAIN,MIXED,P00457:SUSPECT;P00051:SUSPECT;P00189:SUSPECT;P00095:SUSPECT
CONFIRMED,SUPPORTING,0.892,TRAIN,MIXED,P00418:SUSPECT;P00241:SUSPECT
UNKNOWN,NEUTRAL,0.243,TRAIN,MIXED,P00319:UNRESOLVED;P00418:UNRESOLVED
CONFIRMED,SUPPORTING,0.823,TRAIN,MIXED,P00461:SUSPECT;P00242:SUSPECT;P00417:SUSPECT;P00429:SUSPECT
CONFIRMED,SUPPORTING,0.893,TRAIN,MIXED,P00429:SUSPECT;P00461:SUSPECT
SUSPECTED,SUPPORTING,0.645,TRAIN,MIXED,P00418:SUSPECT;P00189:SUSPECT
CONFIRMED,SUPPORTING,0.891,TRAIN,MIXED,P00418:SUSPECT;P00457:SUSPECT;P00417:SUSPECT;P00066:SUSPECT
CONFIRMED,SUPPORTING,0.851,TRAIN,MIXED,P00241:SUSPECT;P00066:SUSPECT;P00457:SUSPECT
CONFIRMED,SUPPORTING,0.859,TRAIN,MIXED,P00417:SUSPECT;P00066:SUSPECT
CONFIRMED,SUPPORTING,0.938,TRAIN,MIXED,P00352:SUSPECT;P00376:SUSPECT
FALSE,CONTRADICTING,0.392,TRAIN,MIXED,P00196:INNOCENT;P00329:INNOCENT;P00376:INNOCENT;P00045:INNOCENT
CONFIRMED,SUPPORTING,0.876,TRAIN,MIXED,P00196:SUSPECT;P00286:SUSPECT
CONFIRMED,SUPPORTING,0.966,TRAIN,MIXED,P00352:SUSPECT;P00290:SUSPECT;P00007:SUSPECT
FALSE,CONTRADICTING,0.226,TRAIN,MIXED,P00352:INNOCENT;P00290:INNOCENT
CONFIRMED,SUPPORTING,0.981,TRAIN,MIXED,P00290:SUSPECT;P00352:SUSPECT;P00329:SUSPECT
UNKNOWN,NEUTRAL,0.520,TRAIN,MIXED,P00112:UNRESOLVED;P00196:UNRESOLVED;P00324:UNRESOLVED
CONFIRMED,SUPPORTING,0.845,TRAIN,MIXED,P00329:SUSPECT;P00376:SUSPECT;P00004:SUSPECT;P00324:SUSPECT
CONFIRMED,SUPPORTING,0.928,TRAIN,MIXED,P00196:SUSPECT;P00004:SUSPECT;P00112:SUSPECT;P00324:SUSPECT
CONFIRMED,SUPPORTING,0.949,TRAIN,MIXED,P00352:SUSPECT;P00376:SUSPECT;P00290:SUSPECT
SUSPECTED,SUPPORTING,0.785,TRAIN,MIXED,P00340:SUSPECT;P00456:SUSPECT
CONFIRMED,SUPPORTING,0.875,TRAIN,MIXED,P00456:SUSPECT;P00094:SUSPECT;P00124:SUSPECT;P00220:SUSPECT
CONFIRMED,SUPPORTING,0.904,TRAIN,MIXED,P00094:SUSPECT;P00053:SUSPECT;P00470:SUSPECT;P00384:SUSPECT
SUSPECTED,SUPPORTING,0.779,TRAIN,MIXED,P00257:SUSPECT;P00458:SUSPECT;P00124:SUSPECT
CONFIRMED,SUPPORTING,0.899,TRAIN,MIXED,P00020:SUSPECT;P00174:SUSPECT
CONFIRMED,SUPPORTING,0.944,TRAIN,MIXED,P00252:SUSPECT;P00456:SUSPECT
CONFIRMED,SUPPORTING,0.886,TRAIN,MIXED,P00174:SUSPECT;P00020:SUSPECT
CONFIRMED,SUPPORTING,0.893,TRAIN,MIXED,P00053:SUSPECT;P00456:SUSPECT;P00257:SUSPECT
SUSPECTED,SUPPORTING,0.647,TRAIN,MIXED,P00257:SUSPECT;P00456:SUSPECT;P00340:SUSPECT;P00094:SUSPECT
CONFIRMED,SUPPORTING,0.883,TRAIN,MIXED,P00124:SUSPECT;P00290:SUSPECT
UNKNOWN,NEUTRAL,0.369,TRAIN,MIXED,P00056:UNRESOLVED;P00031:UNRESOLVED;P00406:UNRESOLVED;P00001:UNRESOLVED
CONFIRMED,SUPPORTING,0.864,TRAIN,MIXED,P00001:SUSPECT;P00056:SUSPECT;P00093:SUSPECT;P00226:SUSPECT
CONFIRMED,SUPPORTING,0.923,TRAIN,MIXED,P00406:SUSPECT;P00222:SUSPECT;P00031:SUSPECT;P00093:SUSPECT
CONFIRMED,SUPPORTING,0.873,TRAIN,MIXED,P00136:SUSPECT;P00020:SUSPECT
CONFIRMED,SUPPORTING,0.935,TRAIN,MIXED,P00031:SUSPECT;P00042:SUSPECT
CONFIRMED,SUPPORTING,0.910,TRAIN,MIXED,P00406:SUSPECT;P00031:SUSPECT
SUSPECTED,SUPPORTING,0.591,TRAIN,MIXED,P00031:SUSPECT;P00001:SUSPECT;P00056:SUSPECT
FALSE,CONTRADICTING,0.291,TRAIN,MIXED,P00305:INNOCENT;P00136:INNOCENT
CONFIRMED,SUPPORTING,0.967,TRAIN,MIXED,P00222:SUSPECT;P00305:SUSPECT
UNKNOWN,NEUTRAL,0.495,TRAIN,MIXED,P00136:UNRESOLVED;P00497:UNRESOLVED;P00406:UNRESOLVED
UNKNOWN,NEUTRAL,0.421,TRAIN,MIXED,P00058:UNRESOLVED;P00258:UNRESOLVED
CONFIRMED,SUPPORTING,0.893,TRAIN,MIXED,P00258:SUSPECT;P00058:SUSPECT;P00109:SUSPECT
CONFIRMED,SUPPORTING,0.986,TRAIN,MIXED,P00234:SUSPECT;P00058:SUSPECT;P00489:SUSPECT;P00258:SUSPECT
CONFIRMED,SUPPORTING,0.950,TRAIN,MIXED,P00291:SUSPECT;P00056:SUSPECT;P00216:SUSPECT;P00114:SUSPECT
FALSE,CONTRADICTING,0.358,TRAIN,MIXED,P00114:INNOCENT;P00489:INNOCENT;P00058:INNOCENT
CONFIRMED,SUPPORTING,0.839,TRAIN,MIXED,P00114:SUSPECT;P00258:SUSPECT;P00109:SUSPECT;P00234:SUSPECT
CONFIRMED,SUPPORTING,0.965,TRAIN,MIXED,P00489:SUSPECT;P00186:SUSPECT
CONFIRMED,SUPPORTING,0.946,TRAIN,MIXED,P00489:SUSPECT;P00291:SUSPECT;P00186:SUSPECT;P00216:SUSPECT
CONFIRMED,SUPPORTING,0.951,TRAIN,MIXED,P00058:SUSPECT;P00299:SUSPECT;P00489:SUSPECT;P00272:SUSPECT
UNKNOWN,NEUTRAL,0.297,TRAIN,MIXED,P00258:UNRESOLVED;P00269:UNRESOLVED;P00109:UNRESOLVED;P00272:UNRESOLVED
UNKNOWN,NEUTRAL,0.539,TRAIN,MIXED,P00375:UNRESOLVED;P00114:UNRESOLVED;P00197:UNRESOLVED
CONFIRMED,SUPPORTING,0.975,TRAIN,MIXED,P00328:SUSPECT;P00239:SUSPECT
CONFIRMED,SUPPORTING,0.918,TRAIN,MIXED,P00289:SUSPECT;P00453:SUSPECT
CONFIRMED,SUPPORTING,0.867,TRAIN,MIXED,P00328:SUSPECT;P00050:SUSPECT;P00114:SUSPECT
SUSPECTED,SUPPORTING,0.588,TRAIN,MIXED,P00316:SUSPECT;P00498:SUSPECT
UNKNOWN,NEUTRAL,0.513,TRAIN,MIXED,P00019:UNRESOLVED;P00375:UNRESOLVED;P00239:UNRESOLVED
CONFIRMED,SUPPORTING,0.984,TRAIN,MIXED,P00495:SUSPECT;P00438:SUSPECT;P00019:SUSPECT
SUSPECTED,SUPPORTING,0.741,TRAIN,MIXED,P00495:SUSPECT;P00019:SUSPECT
SUSPECTED,SUPPORTING,0.639,TRAIN,MIXED,P00197:SUSPECT;P00289:SUSPECT
CONFIRMED,SUPPORTING,0.830,TRAIN,MIXED,P00438:SUSPECT;P00019:SUSPECT;P00498:SUSPECT
FALSE,CONTRADICTING,0.310,TRAIN,MIXED,P00342:INNOCENT;P00047:INNOCENT;P00027:INNOCENT
FALSE,CONTRADICTING,0.161,TRAIN,MIXED,P00472:INNOCENT;P00380:INNOCENT
UNKNOWN,NEUTRAL,0.541,TRAIN,MIXED,P00103:UNRESOLVED;P00047:UNRESOLVED;P00380:UNRESOLVED
CONFIRMED,SUPPORTING,0.985,TRAIN,MIXED,P00284:SUSPECT;P00342:SUSPECT
CONFIRMED,SUPPORTING,0.873,TRAIN,MIXED,P00103:SUSPECT;P00284:SUSPECT;P00328:SUSPECT
CONFIRMED,SUPPORTING,0.824,TRAIN,MIXED,P00472:SUSPECT;P00047:SUSPECT;P00342:SUSPECT
UNKNOWN,NEUTRAL,0.259,TRAIN,MIXED,P00284:UNRESOLVED;P00047:UNRESOLVED;P00027:UNRESOLVED;P00472:UNRESOLVED
FALSE,CONTRADICTING,0.188,TRAIN,MIXED,P00342:INNOCENT;P00380:INNOCENT;P00472:INNOCENT
CONFIRMED,SUPPORTING,0.906,TRAIN,MIXED,P00103:SUSPECT;P00328:SUSPECT
FALSE,CONTRADICTING,0.121,TRAIN,MIXED,P00027:INNOCENT;P00103:INNOCENT
CONFIRMED,SUPPORTING,0.896,TRAIN,MIXED,P00018:SUSPECT;P00334:SUSPECT;P00424:SUSPECT;P00156:SUSPECT
FALSE,CONTRADICTING,0.157,TRAIN,MIXED,P00345:INNOCENT;P00292:INNOCENT;P00455:INNOCENT;P00156:INNOCENT
UNKNOWN,NEUTRAL,0.414,TRAIN,MIXED,P00378:UNRESOLVED;P00334:UNRESOLVED
CONFIRMED,SUPPORTING,0.986,TRAIN,MIXED,P00378:SUSPECT;P00156:SUSPECT
CONFIRMED,SUPPORTING,0.893,TRAIN,MIXED,P00212:SUSPECT;P00292:SUSPECT
CONFIRMED,SUPPORTING,0.839,TRAIN,MIXED,P00212:SUSPECT;P00378:SUSPECT;P00018:SUSPECT;P00014:SUSPECT
SUSPECTED,SUPPORTING,0.672,TRAIN,MIXED,P00018:SUSPECT;P00198:SUSPECT
UNKNOWN,NEUTRAL,0.454,TRAIN,MIXED,P00212:UNRESOLVED;P00292:UNRESOLVED;P00424:UNRESOLVED;P00018:UNRESOLVED
SUSPECTED,SUPPORTING,0.693,TRAIN,MIXED,P00455:SUSPECT;P00014:SUSPECT;P00156:SUSPECT;P00334:SUSPECT
CONFIRMED,SUPPORTING,0.834,TRAIN,MIXED,P00018:SUSPECT;P00345:SUSPECT;P00455:SUSPECT;P00424:SUSPECT
SUSPECTED,SUPPORTING,0.835,TRAIN,MIXED,P00116:SUSPECT;P00134:SUSPECT;P00440:SUSPECT
FALSE,CONTRADICTING,0.140,TRAIN,MIXED,P00366:INNOCENT;P00015:INNOCENT;P00469:INNOCENT
CONFIRMED,SUPPORTING,0.902,TRAIN,MIXED,P00132:SUSPECT;P00366:SUSPECT;P00362:SUSPECT;P00071:SUSPECT
SUSPECTED,SUPPORTING,0.805,TRAIN,MIXED,P00071:SUSPECT;P00362:SUSPECT
CONFIRMED,SUPPORTING,0.917,TRAIN,MIXED,P00492:SUSPECT;P00134:SUSPECT;P00366:SUSPECT;P00329:SUSPECT
UNKNOWN,NEUTRAL,0.369,TRAIN,MIXED,P00071:UNRESOLVED;P00015:UNRESOLVED
UNKNOWN,NEUTRAL,0.222,TRAIN,MIXED,P00440:UNRESOLVED;P00493:UNRESOLVED;P00366:UNRESOLVED;P00116:UNRESOLVED
SUSPECTED,SUPPORTING,0.824,TRAIN,MIXED,P00129:SUSPECT;P00440:SUSPECT;P00308:SUSPECT;P00469:SUSPECT
SUSPECTED,SUPPORTING,0.740,TRAIN,MIXED,P00440:SUSPECT;P00362:SUSPECT;P00308:SUSPECT;P00134:SUSPECT
UNKNOWN,NEUTRAL,0.455,TRAIN,MIXED,P00014:UNRESOLVED;P00116:UNRESOLVED;P00308:UNRESOLVED;P00366:UNRESOLVED
SUSPECTED,SUPPORTING,0.625,TRAIN,MIXED,P00382:SUSPECT;P00037:SUSPECT
CONFIRMED,SUPPORTING,0.847,TRAIN,MIXED,P00385:SUSPECT;P00166:SUSPECT;P00180:SUSPECT;P00138:SUSPECT
CONFIRMED,SUPPORTING,0.964,TRAIN,MIXED,P00332:SUSPECT;P00286:SUSPECT
CONFIRMED,SUPPORTING,0.984,TRAIN,MIXED,P00313:SUSPECT;P00301:SUSPECT;P00467:SUSPECT;P00138:SUSPECT
CONFIRMED,SUPPORTING,0.981,TRAIN,MIXED,P00372:SUSPECT;P00037:SUSPECT;P00286:SUSPECT
UNKNOWN,NEUTRAL,0.413,TRAIN,MIXED,P00037:UNRESOLVED;P00372:UNRESOLVED;P00332:UNRESOLVED;P00180:UNRESOLVED
CONFIRMED,SUPPORTING,0.904,TRAIN,MIXED,P00075:SUSPECT;P00382:SUSPECT;P00372:SUSPECT
SUSPECTED,SUPPORTING,0.802,TRAIN,MIXED,P00467:SUSPECT;P00215:SUSPECT;P00180:SUSPECT;P00075:SUSPECT
CONFIRMED,SUPPORTING,0.944,TRAIN,MIXED,P00301:SUSPECT;P00048:SUSPECT
CONFIRMED,SUPPORTING,0.886,TRAIN,MIXED,P00215:SUSPECT;P00037:SUSPECT
FALSE,CONTRADICTING,0.230,TRAIN,MIXED,P00012:INNOCENT;P00313:INNOCENT;P00478:INNOCENT;P00082:INNOCENT
CONFIRMED,SUPPORTING,0.946,TRAIN,MIXED,P00134:SUSPECT;P00105:SUSPECT;P00050:SUSPECT;P00228:SUSPECT
CONFIRMED,SUPPORTING,0.867,TRAIN,MIXED,P00360:SUSPECT;P00100:SUSPECT
SUSPECTED,SUPPORTING,0.641,TRAIN,MIXED,P00105:SUSPECT;P00067:SUSPECT
UNKNOWN,NEUTRAL,0.275,TRAIN,MIXED,P00014:UNRESOLVED;P00082:UNRESOLVED
CONFIRMED,SUPPORTING,0.918,TRAIN,MIXED,P00360:SUSPECT;P00012:SUSPECT;P00082:SUSPECT
SUSPECTED,SUPPORTING,0.859,TRAIN,MIXED,P00441:SUSPECT;P00134:SUSPECT;P00228:SUSPECT;P00313:SUSPECT
UNKNOWN,NEUTRAL,0.281,TRAIN,MIXED,P00012:UNRESOLVED;P00067:UNRESOLVED
CONFIRMED,SUPPORTING,0.900,TRAIN,MIXED,P00134:SUSPECT;P00082:SUSPECT
CONFIRMED,SUPPORTING,0.850,TRAIN,MIXED,P00228:SUSPECT;P00134:SUSPECT
CONFIRMED,SUPPORTING,0.980,TRAIN,MIXED,P00464:SUSPECT;P00250:SUSPECT
CONFIRMED,SUPPORTING,0.861,TRAIN,MIXED,P00250:SUSPECT;P00336:SUSPECT;P00464:SUSPECT;P00277:SUSPECT
CONFIRMED,SUPPORTING,0.849,TRAIN,MIXED,P00250:SUSPECT;P00464:SUSPECT;P00282:SUSPECT;P00295:SUSPECT
CONFIRMED,SUPPORTING,0.976,TRAIN,MIXED,P00336:SUSPECT;P00464:SUSPECT
SUSPECTED,SUPPORTING,0.764,TRAIN,MIXED,P00250:SUSPECT;P00282:SUSPECT;P00277:SUSPECT;P00464:SUSPECT
CONFIRMED,SUPPORTING,0.891,TRAIN,MIXED,P00464:SUSPECT;P00277:SUSPECT;P00336:SUSPECT;P00282:SUSPECT
CONFIRMED,SUPPORTING,0.890,TRAIN,MIXED,P00336:SUSPECT;P00295:SUSPECT;P00464:SUSPECT;P00277:SUSPECT
UNKNOWN,NEUTRAL,0.413,TRAIN,MIXED,P00295:UNRESOLVED;P00464:UNRESOLVED;P00277:UNRESOLVED
UNKNOWN,NEUTRAL,0.304,TRAIN,MIXED,P00250:UNRESOLVED;P00277:UNRESOLVED
CONFIRMED,SUPPORTING,0.945,TRAIN,MIXED,P00336:SUSPECT;P00295:SUSPECT;P00250:SUSPECT;P00464:SUSPECT
UNKNOWN,NEUTRAL,0.352,TRAIN,MIXED,P00456:UNRESOLVED;P00264:UNRESOLVED;P00392:UNRESOLVED
CONFIRMED,SUPPORTING,0.865,TRAIN,MIXED,P00051:SUSPECT;P00456:SUSPECT;P00258:SUSPECT
FALSE,CONTRADICTING,0.188,TRAIN,MIXED,P00320:INNOCENT;P00451:INNOCENT
CONFIRMED,SUPPORTING,0.926,TRAIN,MIXED,P00451:SUSPECT;P00380:SUSPECT;P00009:SUSPECT
CONFIRMED,SUPPORTING,0.955,TRAIN,MIXED,P00320:SUSPECT;P00107:SUSPECT
CONFIRMED,SUPPORTING,0.978,TRAIN,MIXED,P00009:SUSPECT;P00493:SUSPECT;P00380:SUSPECT;P00264:SUSPECT
CONFIRMED,SUPPORTING,0.866,TRAIN,MIXED,P00320:SUSPECT;P00051:SUSPECT;P00059:SUSPECT
CONFIRMED,SUPPORTING,0.918,TRAIN,MIXED,P00107:SUSPECT;P00493:SUSPECT
CONFIRMED,SUPPORTING,0.928,TRAIN,MIXED,P00051:SUSPECT;P00456:SUSPECT;P00380:SUSPECT;P00258:SUSPECT
UNKNOWN,NEUTRAL,0.529,TRAIN,MIXED,P00431:UNRESOLVED;P00320:UNRESOLVED
CONFIRMED,SUPPORTING,0.954,TRAIN,MIXED,P00225:SUSPECT;P00398:SUSPECT;P00374:SUSPECT
SUSPECTED,SUPPORTING,0.646,TRAIN,MIXED,P00031:SUSPECT;P00374:SUSPECT;P00256:SUSPECT
SUSPECTED,SUPPORTING,0.789,TRAIN,MIXED,P00206:SUSPECT;P00031:SUSPECT;P00225:SUSPECT;P00272:SUSPECT
CONFIRMED,SUPPORTING,0.874,TRAIN,MIXED,P00031:SUSPECT;P00004:SUSPECT;P00225:SUSPECT
CONFIRMED,SUPPORTING,0.939,TRAIN,MIXED,P00374:SUSPECT;P00272:SUSPECT;P00031:SUSPECT;P00004:SUSPECT
CONFIRMED,SUPPORTING,0.902,TRAIN,MIXED,P00266:SUSPECT;P00256:SUSPECT;P00004:SUSPECT
CONFIRMED,SUPPORTING,0.957,TRAIN,MIXED,P00272:SUSPECT;P00004:SUSPECT;P00398:SUSPECT
UNKNOWN,NEUTRAL,0.260,TRAIN,MIXED,P00272:UNRESOLVED;P00374:UNRESOLVED
CONFIRMED,SUPPORTING,0.862,TRAIN,MIXED,P00031:SUSPECT;P00206:SUSPECT
CONFIRMED,SUPPORTING,0.875,TRAIN,MIXED,P00272:SUSPECT;P00398:SUSPECT
CONFIRMED,SUPPORTING,0.968,TRAIN,MIXED,P00466:SUSPECT;P00423:SUSPECT
CONFIRMED,SUPPORTING,0.841,TRAIN,MIXED,P00302:SUSPECT;P00073:SUSPECT;P00466:SUSPECT;P00423:SUSPECT
CONFIRMED,SUPPORTING,0.979,TRAIN,MIXED,P00073:SUSPECT;P00277:SUSPECT;P00372:SUSPECT
UNKNOWN,NEUTRAL,0.483,TRAIN,MIXED,P00003:UNRESOLVED;P00277:UNRESOLVED;P00423:UNRESOLVED
FALSE,CONTRADICTING,0.130,TRAIN,MIXED,P00003:INNOCENT;P00396:INNOCENT;P00439:INNOCENT;P00276:INNOCENT
SUSPECTED,SUPPORTING,0.812,TRAIN,MIXED,P00439:SUSPECT;P00423:SUSPECT;P00073:SUSPECT
FALSE,CONTRADICTING,0.232,TRAIN,MIXED,P00466:INNOCENT;P00423:INNOCENT;P00396:INNOCENT
CONFIRMED,SUPPORTING,0.987,TRAIN,MIXED,P00466:SUSPECT;P00036:SUSPECT;P00276:SUSPECT
CONFIRMED,SUPPORTING,0.858,TRAIN,MIXED,P00466:SUSPECT;P00277:SUSPECT;P00003:SUSPECT
CONFIRMED,SUPPORTING,0.910,TRAIN,MIXED,P00073:SUSPECT;P00036:SUSPECT;P00466:SUSPECT;P00396:SUSPECT
CONFIRMED,SUPPORTING,0.986,TRAIN,MIXED,P00052:SUSPECT;P00192:SUSPECT;P00473:SUSPECT;P00120:SUSPECT
CONFIRMED,SUPPORTING,0.898,TRAIN,MIXED,P00473:SUSPECT;P00052:SUSPECT;P00192:SUSPECT
SUSPECTED,SUPPORTING,0.799,TRAIN,MIXED,P00294:SUSPECT;P00245:SUSPECT
CONFIRMED,SUPPORTING,0.917,TRAIN,MIXED,P00192:SUSPECT;P00052:SUSPECT;P00120:SUSPECT
CONFIRMED,SUPPORTING,0.931,TRAIN,MIXED,P00288:SUSPECT;P00473:SUSPECT;P00261:SUSPECT
SUSPECTED,SUPPORTING,0.585,TRAIN,MIXED,P00169:SUSPECT;P00294:SUSPECT
CONFIRMED,SUPPORTING,0.919,TRAIN,MIXED,P00249:SUSPECT;P00052:SUSPECT;P00239:SUSPECT
SUSPECTED,SUPPORTING,0.652,TRAIN,MIXED,P00245:SUSPECT;P00249:SUSPECT;P00374:SUSPECT;P00473:SUSPECT
CONFIRMED,SUPPORTING,0.834,TRAIN,MIXED,P00261:SUSPECT;P00249:SUSPECT
CONFIRMED,SUPPORTING,0.847,TRAIN,MIXED,P00473:SUSPECT;P00261:SUSPECT;P00288:SUSPECT
CONFIRMED,SUPPORTING,0.881,TRAIN,LEGITIMATE,P00482:SUSPECT;P00473:SUSPECT;P00368:SUSPECT;P00384:SUSPECT
CONFIRMED,SUPPORTING,0.864,TRAIN,LEGITIMATE,P00410:SUSPECT;P00384:SUSPECT;P00473:SUSPECT
FALSE,CONTRADICTING,0.166,TRAIN,LEGITIMATE,P00384:INNOCENT;P00410:INNOCENT;P00360:INNOCENT;P00001:INNOCENT
UNKNOWN,NEUTRAL,0.328,TRAIN,LEGITIMATE,P00473:UNRESOLVED;P00368:UNRESOLVED;P00360:UNRESOLVED
SUSPECTED,SUPPORTING,0.610,TRAIN,LEGITIMATE,P00088:SUSPECT;P00056:SUSPECT;P00001:SUSPECT
CONFIRMED,SUPPORTING,0.826,TRAIN,LEGITIMATE,P00056:SUSPECT;P00410:SUSPECT;P00001:SUSPECT;P00125:SUSPECT
CONFIRMED,SUPPORTING,0.968,TRAIN,LEGITIMATE,P00056:SUSPECT;P00384:SUSPECT;P00472:SUSPECT
CONFIRMED,SUPPORTING,0.921,TRAIN,LEGITIMATE,P00001:SUSPECT;P00125:SUSPECT;P00473:SUSPECT;P00360:SUSPECT
CONFIRMED,SUPPORTING,0.972,TRAIN,LEGITIMATE,P00248:SUSPECT;P00482:SUSPECT;P00473:SUSPECT;P00472:SUSPECT
CONFIRMED,SUPPORTING,0.906,TRAIN,LEGITIMATE,P00248:SUSPECT;P00368:SUSPECT;P00473:SUSPECT
CONFIRMED,SUPPORTING,0.828,TRAIN,LEGITIMATE,P00205:SUSPECT;P00359:SUSPECT;P00328:SUSPECT
CONFIRMED,SUPPORTING,0.868,TRAIN,LEGITIMATE,P00415:SUSPECT;P00357:SUSPECT;P00339:SUSPECT;P00328:SUSPECT
CONFIRMED,SUPPORTING,0.984,TRAIN,LEGITIMATE,P00110:SUSPECT;P00282:SUSPECT;P00359:SUSPECT;P00060:SUSPECT
SUSPECTED,SUPPORTING,0.828,TRAIN,LEGITIMATE,P00110:SUSPECT;P00328:SUSPECT;P00359:SUSPECT
CONFIRMED,SUPPORTING,0.826,TRAIN,LEGITIMATE,P00339:SUSPECT;P00065:SUSPECT
UNKNOWN,NEUTRAL,0.301,TRAIN,LEGITIMATE,P00205:UNRESOLVED;P00282:UNRESOLVED;P00449:UNRESOLVED
CONFIRMED,SUPPORTING,0.964,TRAIN,LEGITIMATE,P00339:SUSPECT;P00357:SUSPECT;P00324:SUSPECT
CONFIRMED,SUPPORTING,0.847,TRAIN,LEGITIMATE,P00339:SUSPECT;P00328:SUSPECT;P00104:SUSPECT
CONFIRMED,SUPPORTING,0.833,TRAIN,LEGITIMATE,P00328:SUSPECT;P00282:SUSPECT
CONFIRMED,SUPPORTING,0.903,TRAIN,LEGITIMATE,P00339:SUSPECT;P00415:SUSPECT;P00357:SUSPECT
CONFIRMED,SUPPORTING,0.967,TRAIN,LEGITIMATE,P00254:SUSPECT;P00094:SUSPECT;P00214:SUSPECT;P00195:SUSPECT
CONFIRMED,SUPPORTING,0.941,TRAIN,LEGITIMATE,P00415:SUSPECT;P00214:SUSPECT
CONFIRMED,SUPPORTING,0.935,TRAIN,LEGITIMATE,P00055:SUSPECT;P00295:SUSPECT
CONFIRMED,SUPPORTING,0.886,TRAIN,LEGITIMATE,P00389:SUSPECT;P00209:SUSPECT
CONFIRMED,SUPPORTING,0.865,TRAIN,LEGITIMATE,P00177:SUSPECT;P00491:SUSPECT;P00254:SUSPECT;P00295:SUSPECT
FALSE,CONTRADICTING,0.395,TRAIN,LEGITIMATE,P00055:INNOCENT;P00221:INNOCENT;P00389:INNOCENT;P00415:INNOCENT
CONFIRMED,SUPPORTING,0.908,TRAIN,LEGITIMATE,P00055:SUSPECT;P00177:SUSPECT;P00195:SUSPECT
CONFIRMED,SUPPORTING,0.844,TRAIN,LEGITIMATE,P00491:SUSPECT;P00389:SUSPECT;P00254:SUSPECT
UNKNOWN,NEUTRAL,0.303,TRAIN,LEGITIMATE,P00177:UNRESOLVED;P00094:UNRESOLVED;P00221:UNRESOLVED
SUSPECTED,SUPPORTING,0.708,TRAIN,LEGITIMATE,P00221:SUSPECT;P00415:SUSPECT
CONFIRMED,SUPPORTING,0.898,TRAIN,LEGITIMATE,P00138:SUSPECT;P00403:SUSPECT;P00190:SUSPECT;P00087:SUSPECT
CONFIRMED,SUPPORTING,0.967,TRAIN,LEGITIMATE,P00357:SUSPECT;P00190:SUSPECT
CONFIRMED,SUPPORTING,0.852,TRAIN,LEGITIMATE,P00138:SUSPECT;P00051:SUSPECT;P00403:SUSPECT;P00357:SUSPECT
SUSPECTED,SUPPORTING,0.608,TRAIN,LEGITIMATE,P00357:SUSPECT;P00190:SUSPECT;P00403:SUSPECT
UNKNOWN,NEUTRAL,0.488,TRAIN,LEGITIMATE,P00410:UNRESOLVED;P00051:UNRESOLVED;P00190:UNRESOLVED
CONFIRMED,SUPPORTING,0.955,TRAIN,LEGITIMATE,P00190:SUSPECT;P00403:SUSPECT;P00087:SUSPECT;P00138:SUSPECT
CONFIRMED,SUPPORTING,0.824,TRAIN,LEGITIMATE,P00357:SUSPECT;P00190:SUSPECT;P00051:SUSPECT;P00403:SUSPECT
CONFIRMED,SUPPORTING,0.957,TRAIN,LEGITIMATE,P00051:SUSPECT;P00190:SUSPECT
CONFIRMED,SUPPORTING,0.938,TRAIN,LEGITIMATE,P00190:SUSPECT;P00087:SUSPECT;P00138:SUSPECT;P00357:SUSPECT
CONFIRMED,SUPPORTING,0.857,TRAIN,LEGITIMATE,P00410:SUSPECT;P00087:SUSPECT
CONFIRMED,SUPPORTING,0.875,TRAIN,LEGITIMATE,P00238:SUSPECT;P00218:SUSPECT
CONFIRMED,SUPPORTING,0.870,TRAIN,LEGITIMATE,P00002:SUSPECT;P00427:SUSPECT;P00424:SUSPECT
CONFIRMED,SUPPORTING,0.972,TRAIN,LEGITIMATE,P00031:SUSPECT;P00491:SUSPECT
CONFIRMED,SUPPORTING,0.839,TRAIN,LEGITIMATE,P00410:SUSPECT;P00276:SUSPECT;P00427:SUSPECT
SUSPECTED,SUPPORTING,0.648,TRAIN,LEGITIMATE,P00114:SUSPECT;P00378:SUSPECT;P00265:SUSPECT
CONFIRMED,SUPPORTING,0.932,TRAIN,LEGITIMATE,P00114:SUSPECT;P00027:SUSPECT;P00218:SUSPECT;P00491:SUSPECT
CONFIRMED,SUPPORTING,0.841,TRAIN,LEGITIMATE,P00191:SUSPECT;P00427:SUSPECT
CONFIRMED,SUPPORTING,0.951,TRAIN,LEGITIMATE,P00410:SUSPECT;P00378:SUSPECT
CONFIRMED,SUPPORTING,0.985,TRAIN,LEGITIMATE,P00218:SUSPECT;P00378:SUSPECT;P00389:SUSPECT;P00027:SUSPECT
CONFIRMED,SUPPORTING,0.982,TRAIN,LEGITIMATE,P00410:SUSPECT;P00329:SUSPECT;P00250:SUSPECT;P00424:SUSPECT
SUSPECTED,SUPPORTING,0.696,VALIDATION,LEGITIMATE,P00774:SUSPECT;P00833:SUSPECT
SUSPECTED,SUPPORTING,0.791,VALIDATION,LEGITIMATE,P00557:SUSPECT;P00532:SUSPECT;P00933:SUSPECT;P00833:SUSPECT
UNKNOWN,NEUTRAL,0.245,VALIDATION,LEGITIMATE,P00556:UNRESOLVED;P00637:UNRESOLVED
SUSPECTED,SUPPORTING,0.646,VALIDATION,LEGITIMATE,P00609:SUSPECT;P00741:SUSPECT;P00527:SUSPECT
CONFIRMED,SUPPORTING,0.851,VALIDATION,LEGITIMATE,P00933:SUSPECT;P00724:SUSPECT;P00741:SUSPECT;P00759:SUSPECT
UNKNOWN,NEUTRAL,0.242,VALIDATION,LEGITIMATE,P00556:UNRESOLVED;P00666:UNRESOLVED;P00741:UNRESOLVED;P00609:UNRESOLVED
CONFIRMED,SUPPORTING,0.838,VALIDATION,LEGITIMATE,P00557:SUSPECT;P00907:SUSPECT;P00637:SUSPECT
UNKNOWN,NEUTRAL,0.376,VALIDATION,LEGITIMATE,P00908:UNRESOLVED;P00724:UNRESOLVED;P00532:UNRESOLVED;P00689:UNRESOLVED
CONFIRMED,SUPPORTING,0.864,VALIDATION,LEGITIMATE,P00724:SUSPECT;P00933:SUSPECT;P00666:SUSPECT;P00833:SUSPECT
CONFIRMED,SUPPORTING,0.880,VALIDATION,LEGITIMATE,P00696:SUSPECT;P00702:SUSPECT;P00908:SUSPECT;P00666:SUSPECT
SUSPECTED,SUPPORTING,0.792,VALIDATION,LEGITIMATE,P00767:SUSPECT;P00795:SUSPECT;P00793:SUSPECT;P00623:SUSPECT
CONFIRMED,SUPPORTING,0.837,VALIDATION,LEGITIMATE,P00795:SUSPECT;P00642:SUSPECT
FALSE,CONTRADICTING,0.349,VALIDATION,LEGITIMATE,P00642:INNOCENT;P00767:INNOCENT;P00698:INNOCENT;P00795:INNOCENT
CONFIRMED,SUPPORTING,0.961,VALIDATION,LEGITIMATE,P00561:SUSPECT;P00623:SUSPECT
CONFIRMED,SUPPORTING,0.936,VALIDATION,LEGITIMATE,P00795:SUSPECT;P00502:SUSPECT;P00623:SUSPECT
SUSPECTED,SUPPORTING,0.597,VALIDATION,LEGITIMATE,P00795:SUSPECT;P00793:SUSPECT
CONFIRMED,SUPPORTING,0.885,VALIDATION,LEGITIMATE,P00914:SUSPECT;P00502:SUSPECT;P00793:SUSPECT
CONFIRMED,SUPPORTING,0.934,VALIDATION,LEGITIMATE,P00623:SUSPECT;P00561:SUSPECT;P00502:SUSPECT
SUSPECTED,SUPPORTING,0.670,VALIDATION,LEGITIMATE,P00617:SUSPECT;P00733:SUSPECT;P00795:SUSPECT
UNKNOWN,NEUTRAL,0.542,VALIDATION,LEGITIMATE,P00793:UNRESOLVED;P00795:UNRESOLVED
FALSE,CONTRADICTING,0.214,VALIDATION,LEGITIMATE,P00578:INNOCENT;P00627:INNOCENT;P00626:INNOCENT
CONFIRMED,SUPPORTING,0.904,VALIDATION,LEGITIMATE,P00547:SUSPECT;P00578:SUSPECT;P00626:SUSPECT;P00627:SUSPECT
UNKNOWN,NEUTRAL,0.327,VALIDATION,LEGITIMATE,P00627:UNRESOLVED;P00547:UNRESOLVED;P00578:UNRESOLVED;P00937:UNRESOLVED
CONFIRMED,SUPPORTING,0.962,VALIDATION,LEGITIMATE,P00547:SUSPECT;P00578:SUSPECT;P00626:SUSPECT;P00627:SUSPECT
CONFIRMED,SUPPORTING,0.987,VALIDATION,LEGITIMATE,P00627:SUSPECT;P00578:SUSPECT;P00547:SUSPECT
CONFIRMED,SUPPORTING,0.863,VALIDATION,LEGITIMATE,P00937:SUSPECT;P00627:SUSPECT;P00578:SUSPECT
CONFIRMED,SUPPORTING,0.892,VALIDATION,LEGITIMATE,P00920:SUSPECT;P00547:SUSPECT;P00627:SUSPECT;P00578:SUSPECT
CONFIRMED,SUPPORTING,0.857,VALIDATION,LEGITIMATE,P00920:SUSPECT;P00627:SUSPECT;P00547:SUSPECT
UNKNOWN,NEUTRAL,0.274,VALIDATION,LEGITIMATE,P00627:UNRESOLVED;P00920:UNRESOLVED;P00626:UNRESOLVED;P00578:UNRESOLVED
SUSPECTED,SUPPORTING,0.787,VALIDATION,LEGITIMATE,P00627:SUSPECT;P00626:SUSPECT;P00578:SUSPECT;P00547:SUSPECT
CONFIRMED,SUPPORTING,0.921,VALIDATION,LEGITIMATE,P00523:SUSPECT;P00865:SUSPECT;P00792:SUSPECT;P00777:SUSPECT
UNKNOWN,NEUTRAL,0.253,VALIDATION,LEGITIMATE,P00535:UNRESOLVED;P00563:UNRESOLVED;P00937:UNRESOLVED;P00761:UNRESOLVED
FALSE,CONTRADICTING,0.346,VALIDATION,LEGITIMATE,P00861:INNOCENT;P00793:INNOCENT;P00715:INNOCENT;P00865:INNOCENT
UNKNOWN,NEUTRAL,0.202,VALIDATION,LEGITIMATE,P00616:UNRESOLVED;P00861:UNRESOLVED
CONFIRMED,SUPPORTING,0.857,VALIDATION,LEGITIMATE,P00937:SUSPECT;P00777:SUSPECT;P00616:SUSPECT
CONFIRMED,SUPPORTING,0.966,VALIDATION,LEGITIMATE,P00882:SUSPECT;P00563:SUSPECT;P00777:SUSPECT;P00535:SUSPECT
CONFIRMED,SUPPORTING,0.846,VALIDATION,LEGITIMATE,P00937:SUSPECT;P00711:SUSPECT
CONFIRMED,SUPPORTING,0.883,VALIDATION,LEGITIMATE,P00777:SUSPECT;P00882:SUSPECT;P00902:SUSPECT
UNKNOWN,NEUTRAL,0.481,VALIDATION,LEGITIMATE,P00535:UNRESOLVED;P00937:UNRESOLVED;P00761:UNRESOLVED
CONFIRMED,SUPPORTING,0.918,VALIDATION,LEGITIMATE,P00741:SUSPECT;P00943:SUSPECT
SUSPECTED,SUPPORTING,0.820,VALIDATION,LEGITIMATE,P00577:SUSPECT;P00525:SUSPECT;P00641:SUSPECT;P00614:SUSPECT
SUSPECTED,SUPPORTING,0.725,VALIDATION,LEGITIMATE,P00571:SUSPECT;P00614:SUSPECT;P00508:SUSPECT;P00762:SUSPECT
CONFIRMED,SUPPORTING,0.901,VALIDATION,LEGITIMATE,P00571:SUSPECT;P00614:SUSPECT;P00583:SUSPECT
CONFIRMED,SUPPORTING,0.873,VALIDATION,LEGITIMATE,P00505:SUSPECT;P00538:SUSPECT
UNKNOWN,NEUTRAL,0.296,VALIDATION,LEGITIMATE,P00508:UNRESOLVED;P00577:UNRESOLVED
CONFIRMED,SUPPORTING,0.875,VALIDATION,LEGITIMATE,P00583:SUSPECT;P00538:SUSPECT;P00762:SUSPECT
CONFIRMED,SUPPORTING,0.933,VALIDATION,LEGITIMATE,P00583:SUSPECT;P00844:SUSPECT
UNKNOWN,NEUTRAL,0.296,VALIDATION,LEGITIMATE,P00541:UNRESOLVED;P00762:UNRESOLVED;P00844:UNRESOLVED;P00560:UNRESOLVED
CONFIRMED,SUPPORTING,0.888,VALIDATION,LEGITIMATE,P00508:SUSPECT;P00541:SUSPECT;P00583:SUSPECT
SUSPECTED,SUPPORTING,0.734,VALIDATION,LEGITIMATE,P00762:SUSPECT;P00641:SUSPECT;P00541:SUSPECT
CONFIRMED,SUPPORTING,0.837,VALIDATION,LEGITIMATE,P00701:SUSPECT;P00948:SUSPECT;P00776:SUSPECT
CONFIRMED,SUPPORTING,0.893,VALIDATION,LEGITIMATE,P00922:SUSPECT;P00701:SUSPECT;P00641:SUSPECT
UNKNOWN,NEUTRAL,0.396,VALIDATION,LEGITIMATE,P00701:UNRESOLVED;P00641:UNRESOLVED;P00936:UNRESOLVED
CONFIRMED,SUPPORTING,0.937,VALIDATION,LEGITIMATE,P00641:SUSPECT;P00922:SUSPECT;P00936:SUSPECT;P00701:SUSPECT
CONFIRMED,SUPPORTING,0.925,VALIDATION,LEGITIMATE,P00936:SUSPECT;P00922:SUSPECT;P00641:SUSPECT;P00776:SUSPECT
SUSPECTED,SUPPORTING,0.729,VALIDATION,LEGITIMATE,P00936:SUSPECT;P00776:SUSPECT;P00641:SUSPECT;P00922:SUSPECT
SUSPECTED,SUPPORTING,0.847,VALIDATION,LEGITIMATE,P00641:SUSPECT;P00936:SUSPECT;P00776:SUSPECT;P00948:SUSPECT
CONFIRMED,SUPPORTING,0.948,VALIDATION,LEGITIMATE,P00776:SUSPECT;P00922:SUSPECT;P00701:SUSPECT;P00948:SUSPECT
CONFIRMED,SUPPORTING,0.848,VALIDATION,LEGITIMATE,P00936:SUSPECT;P00948:SUSPECT;P00701:SUSPECT
CONFIRMED,SUPPORTING,0.975,VALIDATION,LEGITIMATE,P00936:SUSPECT;P00641:SUSPECT;P00776:SUSPECT
CONFIRMED,SUPPORTING,0.866,VALIDATION,LEGITIMATE,P00510:SUSPECT;P00883:SUSPECT;P00564:SUSPECT;P00668:SUSPECT
UNKNOWN,NEUTRAL,0.377,VALIDATION,LEGITIMATE,P00883:UNRESOLVED;P00889:UNRESOLVED
CONFIRMED,SUPPORTING,0.862,VALIDATION,LEGITIMATE,P00883:SUSPECT;P00668:SUSPECT;P00889:SUSPECT
UNKNOWN,NEUTRAL,0.242,VALIDATION,LEGITIMATE,P00668:UNRESOLVED;P00736:UNRESOLVED;P00827:UNRESOLVED
CONFIRMED,SUPPORTING,0.934,VALIDATION,LEGITIMATE,P00736:SUSPECT;P00668:SUSPECT;P00827:SUSPECT;P00513:SUSPECT
SUSPECTED,SUPPORTING,0.596,VALIDATION,LEGITIMATE,P00520:SUSPECT;P00510:SUSPECT;P00736:SUSPECT
CONFIRMED,SUPPORTING,0.981,VALIDATION,LEGITIMATE,P00668:SUSPECT;P00520:SUSPECT;P00883:SUSPECT;P00510:SUSPECT
CONFIRMED,SUPPORTING,0.952,VALIDATION,LEGITIMATE,P00609:SUSPECT;P00564:SUSPECT
FALSE,CONTRADICTING,0.174,VALIDATION,LEGITIMATE,P00564:INNOCENT;P00668:INNOCENT
CONFIRMED,SUPPORTING,0.903,VALIDATION,LEGITIMATE,P00520:SUSPECT;P00668:SUSPECT
SUSPECTED,SUPPORTING,0.695,VALIDATION,LEGITIMATE,P00685:SUSPECT;P00929:SUSPECT;P00832:SUSPECT;P00520:SUSPECT
FALSE,CONTRADICTING,0.368,VALIDATION,LEGITIMATE,P00737:INNOCENT;P00956:INNOCENT;P00646:INNOCENT;P00801:INNOCENT
CONFIRMED,SUPPORTING,0.941,VALIDATION,LEGITIMATE,P00929:SUSPECT;P00685:SUSPECT
CONFIRMED,SUPPORTING,0.882,VALIDATION,LEGITIMATE,P00801:SUSPECT;P00956:SUSPECT;P00929:SUSPECT;P00832:SUSPECT
CONFIRMED,SUPPORTING,0.949,VALIDATION,LEGITIMATE,P00801:SUSPECT;P00832:SUSPECT
CONFIRMED,SUPPORTING,0.886,VALIDATION,LEGITIMATE,P00832:SUSPECT;P00520:SUSPECT;P00956:SUSPECT;P00929:SUSPECT
UNKNOWN,NEUTRAL,0.509,VALIDATION,LEGITIMATE,P00646:UNRESOLVED;P00956:UNRESOLVED
CONFIRMED,SUPPORTING,0.986,VALIDATION,LEGITIMATE,P00956:SUSPECT;P00801:SUSPECT
CONFIRMED,SUPPORTING,0.872,VALIDATION,LEGITIMATE,P00737:SUSPECT;P00832:SUSPECT
CONFIRMED,SUPPORTING,0.885,VALIDATION,LEGITIMATE,P00929:SUSPECT;P00685:SUSPECT;P00737:SUSPECT
UNKNOWN,NEUTRAL,0.278,VALIDATION,LEGITIMATE,P00703:UNRESOLVED;P00773:UNRESOLVED;P00853:UNRESOLVED;P00613:UNRESOLVED
SUSPECTED,SUPPORTING,0.844,VALIDATION,LEGITIMATE,P00773:SUSPECT;P00717:SUSPECT;P00613:SUSPECT;P00999:SUSPECT
SUSPECTED,SUPPORTING,0.768,VALIDATION,LEGITIMATE,P00560:SUSPECT;P00698:SUSPECT;P00853:SUSPECT;P00703:SUSPECT
CONFIRMED,SUPPORTING,0.847,VALIDATION,LEGITIMATE,P00563:SUSPECT;P00999:SUSPECT;P00773:SUSPECT
CONFIRMED,SUPPORTING,0.855,VALIDATION,LEGITIMATE,P00807:SUSPECT;P00698:SUSPECT;P00999:SUSPECT
CONFIRMED,SUPPORTING,0.938,VALIDATION,LEGITIMATE,P00807:SUSPECT;P00668:SUSPECT
CONFIRMED,SUPPORTING,0.821,VALIDATION,LEGITIMATE,P00563:SUSPECT;P00720:SUSPECT;P00999:SUSPECT
CONFIRMED,SUPPORTING,0.900,VALIDATION,LEGITIMATE,P00853:SUSPECT;P00668:SUSPECT;P00541:SUSPECT
CONFIRMED,SUPPORTING,0.956,VALIDATION,LEGITIMATE,P00853:SUSPECT;P00936:SUSPECT
CONFIRMED,SUPPORTING,0.844,VALIDATION,LEGITIMATE,P00668:SUSPECT;P00999:SUSPECT;P00560:SUSPECT;P00541:SUSPECT
CONFIRMED,SUPPORTING,0.925,VALIDATION,LEGITIMATE,P00742:SUSPECT;P00756:SUSPECT;P00975:SUSPECT
UNKNOWN,NEUTRAL,0.533,VALIDATION,LEGITIMATE,P00627:UNRESOLVED;P00916:UNRESOLVED
CONFIRMED,SUPPORTING,0.961,VALIDATION,LEGITIMATE,P00756:SUSPECT;P00627:SUSPECT;P00988:SUSPECT
CONFIRMED,SUPPORTING,0.930,VALIDATION,LEGITIMATE,P00563:SUSPECT;P00518:SUSPECT;P00756:SUSPECT;P00916:SUSPECT
CONFIRMED,SUPPORTING,0.938,VALIDATION,LEGITIMATE,P00975:SUSPECT;P00576:SUSPECT
CONFIRMED,SUPPORTING,0.875,VALIDATION,LEGITIMATE,P00771:SUSPECT;P00627:SUSPECT;P00988:SUSPECT;P00756:SUSPECT
CONFIRMED,SUPPORTING,0.949,VALIDATION,LEGITIMATE,P00697:SUSPECT;P00651:SUSPECT
CONFIRMED,SUPPORTING,0.904,VALIDATION,LEGITIMATE,P00716:SUSPECT;P00563:SUSPECT;P00991:SUSPECT
SUSPECTED,SUPPORTING,0.717,VALIDATION,LEGITIMATE,P00576:SUSPECT;P00975:SUSPECT
SUSPECTED,SUPPORTING,0.786,VALIDATION,LEGITIMATE,P00943:SUSPECT;P00991:SUSPECT;P00771:SUSPECT
CONFIRMED,SUPPORTING,0.946,VALIDATION,LEGITIMATE,P00539:SUSPECT;P00535:SUSPECT;P00670:SUSPECT;P00846:SUSPECT
SUSPECTED,SUPPORTING,0.628,VALIDATION,LEGITIMATE,P00732:SUSPECT;P00535:SUSPECT;P00665:SUSPECT;P00532:SUSPECT
CONFIRMED,SUPPORTING,0.828,VALIDATION,LEGITIMATE,P00732:SUSPECT;P00535:SUSPECT
UNKNOWN,NEUTRAL,0.364,VALIDATION,LEGITIMATE,P00717:UNRESOLVED;P00532:UNRESOLVED
CONFIRMED,SUPPORTING,0.906,VALIDATION,LEGITIMATE,P00535:SUSPECT;P00665:SUSPECT;P00509:SUSPECT
FALSE,CONTRADICTING,0.217,VALIDATION,LEGITIMATE,P00846:INNOCENT;P00732:INNOCENT
CONFIRMED,SUPPORTING,0.850,VALIDATION,LEGITIMATE,P00584:SUSPECT;P00846:SUSPECT;P00532:SUSPECT
FALSE,CONTRADICTING,0.410,VALIDATION,LEGITIMATE,P00732:INNOCENT;P00584:INNOCENT
UNKNOWN,NEUTRAL,0.549,VALIDATION,LEGITIMATE,P00717:UNRESOLVED;P00670:UNRESOLVED
CONFIRMED,SUPPORTING,0.966,VALIDATION,LEGITIMATE,P00670:SUSPECT;P00539:SUSPECT
CONFIRMED,SUPPORTING,0.838,VALIDATION,LEGITIMATE,P00695:SUSPECT;P00585:SUSPECT;P00727:SUSPECT;P00948:SUSPECT
CONFIRMED,SUPPORTING,0.938,VALIDATION,LEGITIMATE,P00625:SUSPECT;P00539:SUSPECT
CONFIRMED,SUPPORTING,0.835,VALIDATION,LEGITIMATE,P00625:SUSPECT;P00948:SUSPECT;P00695:SUSPECT;P00906:SUSPECT
CONFIRMED,SUPPORTING,0.845,VALIDATION,LEGITIMATE,P00788:SUSPECT;P00625:SUSPECT;P00547:SUSPECT;P00667:SUSPECT
UNKNOWN,NEUTRAL,0.405,VALIDATION,LEGITIMATE,P00547:UNRESOLVED;P00695:UNRESOLVED
CONFIRMED,SUPPORTING,0.873,VALIDATION,LEGITIMATE,P00780:SUSPECT;P00547:SUSPECT;P00948:SUSPECT
CONFIRMED,SUPPORTING,0.905,VALIDATION,LEGITIMATE,P00948:SUSPECT;P00667:SUSPECT
CONFIRMED,SUPPORTING,0.829,VALIDATION,LEGITIMATE,P00727:SUSPECT;P00568:SUSPECT;P00933:SUSPECT
CONFIRMED,SUPPORTING,0.974,VALIDATION,LEGITIMATE,P00933:SUSPECT;P00695:SUSPECT
CONFIRMED,SUPPORTING,0.827,VALIDATION,LEGITIMATE,P00948:SUSPECT;P00568:SUSPECT;P00788:SUSPECT
CONFIRMED,SUPPORTING,0.890,VALIDATION,LEGITIMATE,P00552:SUSPECT;P00688:SUSPECT
SUSPECTED,SUPPORTING,0.768,VALIDATION,LEGITIMATE,P00595:SUSPECT;P00688:SUSPECT
CONFIRMED,SUPPORTING,0.909,VALIDATION,LEGITIMATE,P00564:SUSPECT;P00552:SUSPECT;P00523:SUSPECT;P00700:SUSPECT
SUSPECTED,SUPPORTING,0.770,VALIDATION,LEGITIMATE,P00523:SUSPECT;P00552:SUSPECT;P00989:SUSPECT
CONFIRMED,SUPPORTING,0.907,VALIDATION,LEGITIMATE,P00552:SUSPECT;P00595:SUSPECT
CONFIRMED,SUPPORTING,0.898,VALIDATION,LEGITIMATE,P00645:SUSPECT;P00523:SUSPECT;P00731:SUSPECT;P00601:SUSPECT
CONFIRMED,SUPPORTING,0.946,VALIDATION,LEGITIMATE,P00844:SUSPECT;P00688:SUSPECT
SUSPECTED,SUPPORTING,0.590,VALIDATION,LEGITIMATE,P00844:SUSPECT;P00595:SUSPECT
CONFIRMED,SUPPORTING,0.948,VALIDATION,LEGITIMATE,P00700:SUSPECT;P00579:SUSPECT;P00595:SUSPECT;P00645:SUSPECT
CONFIRMED,SUPPORTING,0.879,VALIDATION,LEGITIMATE,P00523:SUSPECT;P00700:SUSPECT;P00731:SUSPECT
SUSPECTED,SUPPORTING,0.747,VALIDATION,LEGITIMATE,P00998:SUSPECT;P00774:SUSPECT;P00639:SUSPECT;P00949:SUSPECT
UNKNOWN,NEUTRAL,0.447,VALIDATION,LEGITIMATE,P00882:UNRESOLVED;P00639:UNRESOLVED
CONFIRMED,SUPPORTING,0.941,VALIDATION,LEGITIMATE,P00782:SUSPECT;P00882:SUSPECT
CONFIRMED,SUPPORTING,0.933,VALIDATION,LEGITIMATE,P00639:SUSPECT;P00949:SUSPECT;P00774:SUSPECT;P00998:SUSPECT
CONFIRMED,SUPPORTING,0.960,VALIDATION,LEGITIMATE,P00882:SUSPECT;P00949:SUSPECT;P00998:SUSPECT;P00782:SUSPECT
CONFIRMED,SUPPORTING,0.825,VALIDATION,LEGITIMATE,P00774:SUSPECT;P00998:SUSPECT;P00949:SUSPECT
UNKNOWN,NEUTRAL,0.508,VALIDATION,LEGITIMATE,P00882:UNRESOLVED;P00998:UNRESOLVED;P00774:UNRESOLVED;P00782:UNRESOLVED
UNKNOWN,NEUTRAL,0.315,VALIDATION,LEGITIMATE,P00774:UNRESOLVED;P00639:UNRESOLVED;P00949:UNRESOLVED
UNKNOWN,NEUTRAL,0.342,VALIDATION,LEGITIMATE,P00782:UNRESOLVED;P00639:UNRESOLVED
CONFIRMED,SUPPORTING,0.843,VALIDATION,LEGITIMATE,P00639:SUSPECT;P00782:SUSPECT;P00998:SUSPECT;P00882:SUSPECT
FALSE,CONTRADICTING,0.149,VALIDATION,LEGITIMATE,P00825:INNOCENT;P00606:INNOCENT;P00975:INNOCENT;P00647:INNOCENT
SUSPECTED,SUPPORTING,0.604,VALIDATION,LEGITIMATE,P00533:SUSPECT;P00974:SUSPECT;P00825:SUSPECT
CONFIRMED,SUPPORTING,0.919,VALIDATION,LEGITIMATE,P00975:SUSPECT;P00654:SUSPECT
SUSPECTED,SUPPORTING,0.794,VALIDATION,LEGITIMATE,P00556:SUSPECT;P00975:SUSPECT;P00799:SUSPECT
FALSE,CONTRADICTING,0.338,VALIDATION,LEGITIMATE,P00962:INNOCENT;P00654:INNOCENT
UNKNOWN,NEUTRAL,0.399,VALIDATION,LEGITIMATE,P00975:UNRESOLVED;P00825:UNRESOLVED;P00873:UNRESOLVED;P00556:UNRESOLVED
CONFIRMED,SUPPORTING,0.957,VALIDATION,LEGITIMATE,P00508:SUSPECT;P00533:SUSPECT;P00962:SUSPECT;P00556:SUSPECT
UNKNOWN,NEUTRAL,0.522,VALIDATION,LEGITIMATE,P00962:UNRESOLVED;P00825:UNRESOLVED;P00974:UNRESOLVED;P00533:UNRESOLVED
CONFIRMED,SUPPORTING,0.964,VALIDATION,LEGITIMATE,P00533:SUSPECT;P00647:SUSPECT;P00975:SUSPECT;P00575:SUSPECT
SUSPECTED,SUPPORTING,0.767,VALIDATION,LEGITIMATE,P00820:SUSPECT;P00647:SUSPECT;P00533:SUSPECT;P00975:SUSPECT
CONFIRMED,SUPPORTING,0.847,TEST,AMBIGUOUS,P01238:SUSPECT;P01130:SUSPECT;P01370:SUSPECT
CONFIRMED,SUPPORTING,0.986,TEST,AMBIGUOUS,P01001:SUSPECT;P01053:SUSPECT
CONFIRMED,SUPPORTING,0.871,TEST,AMBIGUOUS,P01446:SUSPECT;P01302:SUSPECT;P01130:SUSPECT
CONFIRMED,SUPPORTING,0.968,TEST,AMBIGUOUS,P01446:SUSPECT;P01370:SUSPECT;P01053:SUSPECT
FALSE,CONTRADICTING,0.179,TEST,AMBIGUOUS,P01130:INNOCENT;P01001:INNOCENT;P01238:INNOCENT;P01370:INNOCENT
SUSPECTED,SUPPORTING,0.582,TEST,AMBIGUOUS,P01446:SUSPECT;P01186:SUSPECT;P01137:SUSPECT
CONFIRMED,SUPPORTING,0.835,TEST,AMBIGUOUS,P01081:SUSPECT;P01238:SUSPECT;P01302:SUSPECT;P01370:SUSPECT
SUSPECTED,SUPPORTING,0.713,TEST,AMBIGUOUS,P01081:SUSPECT;P01302:SUSPECT;P01446:SUSPECT
CONFIRMED,SUPPORTING,0.838,TEST,AMBIGUOUS,P01302:SUSPECT;P01137:SUSPECT;P01186:SUSPECT
SUSPECTED,SUPPORTING,0.791,TEST,AMBIGUOUS,P01370:SUSPECT;P01446:SUSPECT
SUSPECTED,SUPPORTING,0.702,TEST,AMBIGUOUS,P01389:SUSPECT;P01015:SUSPECT;P01406:SUSPECT
SUSPECTED,SUPPORTING,0.616,TEST,AMBIGUOUS,P01393:SUSPECT;P01493:SUSPECT;P01406:SUSPECT;P01015:SUSPECT
UNKNOWN,NEUTRAL,0.461,TEST,AMBIGUOUS,P01015:UNRESOLVED;P01104:UNRESOLVED;P01231:UNRESOLVED;P01393:UNRESOLVED
SUSPECTED,SUPPORTING,0.662,TEST,AMBIGUOUS,P01021:SUSPECT;P01231:SUSPECT;P01104:SUSPECT
CONFIRMED,SUPPORTING,0.914,TEST,AMBIGUOUS,P01015:SUSPECT;P01406:SUSPECT
CONFIRMED,SUPPORTING,0.836,TEST,AMBIGUOUS,P01389:SUSPECT;P01406:SUSPECT;P01015:SUSPECT
FALSE,CONTRADICTING,0.400,TEST,AMBIGUOUS,P01021:INNOCENT;P01493:INNOCENT;P01406:INNOCENT;P01104:INNOCENT
CONFIRMED,SUPPORTING,0.953,TEST,AMBIGUOUS,P01493:SUSPECT;P01015:SUSPECT;P01021:SUSPECT
CONFIRMED,SUPPORTING,0.870,TEST,AMBIGUOUS,P01231:SUSPECT;P01389:SUSPECT;P01406:SUSPECT;P01393:SUSPECT
UNKNOWN,NEUTRAL,0.468,TEST,AMBIGUOUS,P01015:UNRESOLVED;P01104:UNRESOLVED;P01406:UNRESOLVED;P01021:UNRESOLVED
CONFIRMED,SUPPORTING,0.890,TEST,AMBIGUOUS,P01191:SUSPECT;P01033:SUSPECT;P01385:SUSPECT
CONFIRMED,SUPPORTING,0.928,TEST,AMBIGUOUS,P01033:SUSPECT;P01479:SUSPECT;P01412:SUSPECT
CONFIRMED,SUPPORTING,0.822,TEST,AMBIGUOUS,P01027:SUSPECT;P01094:SUSPECT
CONFIRMED,SUPPORTING,0.931,TEST,AMBIGUOUS,P01191:SUSPECT;P01479:SUSPECT;P01127:SUSPECT
CONFIRMED,SUPPORTING,0.938,TEST,AMBIGUOUS,P01035:SUSPECT;P01027:SUSPECT;P01033:SUSPECT;P01127:SUSPECT
CONFIRMED,SUPPORTING,0.845,TEST,AMBIGUOUS,P01033:SUSPECT;P01018:SUSPECT;P01412:SUSPECT
CONFIRMED,SUPPORTING,0.841,TEST,AMBIGUOUS,P01035:SUSPECT;P01479:SUSPECT
CONFIRMED,SUPPORTING,0.924,TEST,AMBIGUOUS,P01018:SUSPECT;P01191:SUSPECT;P01035:SUSPECT;P01479:SUSPECT
CONFIRMED,SUPPORTING,0.857,TEST,AMBIGUOUS,P01479:SUSPECT;P01127:SUSPECT;P01018:SUSPECT;P01035:SUSPECT
CONFIRMED,SUPPORTING,0.982,TEST,AMBIGUOUS,P01035:SUSPECT;P01479:SUSPECT
CONFIRMED,SUPPORTING,0.826,TEST,AMBIGUOUS,P01084:SUSPECT;P01366:SUSPECT;P01067:SUSPECT;P01055:SUSPECT
CONFIRMED,SUPPORTING,0.836,TEST,AMBIGUOUS,P01055:SUSPECT;P01109:SUSPECT;P01029:SUSPECT
UNKNOWN,NEUTRAL,0.495,TEST,AMBIGUOUS,P01366:UNRESOLVED;P01029:UNRESOLVED;P01132:UNRESOLVED;P01055:UNRESOLVED
CONFIRMED,SUPPORTING,0.867,TEST,AMBIGUOUS,P01067:SUSPECT;P01132:SUSPECT;P01486:SUSPECT
SUSPECTED,SUPPORTING,0.740,TEST,AMBIGUOUS,P01132:SUSPECT;P01109:SUSPECT;P01084:SUSPECT
UNKNOWN,NEUTRAL,0.302,TEST,AMBIGUOUS,P01486:UNRESOLVED;P01067:UNRESOLVED;P01263:UNRESOLVED
UNKNOWN,NEUTRAL,0.390,TEST,AMBIGUOUS,P01067:UNRESOLVED;P01486:UNRESOLVED;P01366:UNRESOLVED;P01263:UNRESOLVED
CONFIRMED,SUPPORTING,0.931,TEST,AMBIGUOUS,P01109:SUSPECT;P01263:SUSPECT;P01055:SUSPECT
FALSE,CONTRADICTING,0.373,TEST,AMBIGUOUS,P01366:INNOCENT;P01084:INNOCENT;P01263:INNOCENT;P01109:INNOCENT
FALSE,CONTRADICTING,0.184,TEST,AMBIGUOUS,P01366:INNOCENT;P01084:INNOCENT;P01067:INNOCENT
CONFIRMED,SUPPORTING,0.845,TEST,AMBIGUOUS,P01413:SUSPECT;P01331:SUSPECT;P01492:SUSPECT;P01221:SUSPECT
CONFIRMED,SUPPORTING,0.954,TEST,AMBIGUOUS,P01413:SUSPECT;P01021:SUSPECT
CONFIRMED,SUPPORTING,0.930,TEST,AMBIGUOUS,P01492:SUSPECT;P01021:SUSPECT;P01151:SUSPECT
FALSE,CONTRADICTING,0.179,TEST,AMBIGUOUS,P01151:INNOCENT;P01492:INNOCENT;P01021:INNOCENT;P01331:INNOCENT
CONFIRMED,SUPPORTING,0.824,TEST,AMBIGUOUS,P01492:SUSPECT;P01331:SUSPECT;P01413:SUSPECT
CONFIRMED,SUPPORTING,0.893,TEST,AMBIGUOUS,P01021:SUSPECT;P01151:SUSPECT
FALSE,CONTRADICTING,0.139,TEST,AMBIGUOUS,P01331:INNOCENT;P01413:INNOCENT
UNKNOWN,NEUTRAL,0.231,TEST,AMBIGUOUS,P01413:UNRESOLVED;P01492:UNRESOLVED;P01331:UNRESOLVED;P01021:UNRESOLVED
UNKNOWN,NEUTRAL,0.545,TEST,AMBIGUOUS,P01331:UNRESOLVED;P01221:UNRESOLVED;P01413:UNRESOLVED
CONFIRMED,SUPPORTING,0.861,TEST,AMBIGUOUS,P01221:SUSPECT;P01151:SUSPECT;P01492:SUSPECT;P01413:SUSPECT
CONFIRMED,SUPPORTING,0.985,TEST,AMBIGUOUS,P01425:SUSPECT;P01448:SUSPECT;P01394:SUSPECT
SUSPECTED,SUPPORTING,0.614,TEST,AMBIGUOUS,P01189:SUSPECT;P01448:SUSPECT;P01171:SUSPECT;P01391:SUSPECT
UNKNOWN,NEUTRAL,0.222,TEST,AMBIGUOUS,P01065:UNRESOLVED;P01171:UNRESOLVED;P01320:UNRESOLVED;P01476:UNRESOLVED
UNKNOWN,NEUTRAL,0.216,TEST,AMBIGUOUS,P01448:UNRESOLVED;P01394:UNRESOLVED;P01476:UNRESOLVED;P01171:UNRESOLVED
CONFIRMED,SUPPORTING,0.872,TEST,AMBIGUOUS,P01189:SUSPECT;P01448:SUSPECT;P01311:SUSPECT;P01171:SUSPECT
UNKNOWN,NEUTRAL,0.258,TEST,AMBIGUOUS,P01171:UNRESOLVED;P01311:UNRESOLVED;P01425:UNRESOLVED;P01476:UNRESOLVED
CONFIRMED,SUPPORTING,0.847,TEST,AMBIGUOUS,P01425:SUSPECT;P01171:SUSPECT
CONFIRMED,SUPPORTING,0.912,TEST,AMBIGUOUS,P01425:SUSPECT;P01391:SUSPECT;P01476:SUSPECT
CONFIRMED,SUPPORTING,0.967,TEST,AMBIGUOUS,P01171:SUSPECT;P01391:SUSPECT;P01189:SUSPECT
SUSPECTED,SUPPORTING,0.645,TEST,AMBIGUOUS,P01425:SUSPECT;P01320:SUSPECT;P01407:SUSPECT
CONFIRMED,SUPPORTING,0.860,TEST,AMBIGUOUS,P01079:SUSPECT;P01434:SUSPECT
UNKNOWN,NEUTRAL,0.349,TEST,AMBIGUOUS,P01229:UNRESOLVED;P01330:UNRESOLVED;P01142:UNRESOLVED;P01232:UNRESOLVED
CONFIRMED,SUPPORTING,0.937,TEST,AMBIGUOUS,P01296:SUSPECT;P01073:SUSPECT
CONFIRMED,SUPPORTING,0.898,TEST,AMBIGUOUS,P01073:SUSPECT;P01406:SUSPECT;P01229:SUSPECT
CONFIRMED,SUPPORTING,0.965,TEST,AMBIGUOUS,P01229:SUSPECT;P01434:SUSPECT;P01232:SUSPECT;P01079:SUSPECT
CONFIRMED,SUPPORTING,0.921,TEST,AMBIGUOUS,P01073:SUSPECT;P01232:SUSPECT;P01328:SUSPECT
SUSPECTED,SUPPORTING,0.592,TEST,AMBIGUOUS,P01229:SUSPECT;P01260:SUSPECT;P01073:SUSPECT
SUSPECTED,SUPPORTING,0.628,TEST,AMBIGUOUS,P01434:SUSPECT;P01088:SUSPECT;P01328:SUSPECT
CONFIRMED,SUPPORTING,0.959,TEST,AMBIGUOUS,P01296:SUSPECT;P01380:SUSPECT;P01260:SUSPECT
CONFIRMED,SUPPORTING,0.976,TEST,AMBIGUOUS,P01406:SUSPECT;P01087:SUSPECT
SUSPECTED,SUPPORTING,0.842,TEST,AMBIGUOUS,P01404:SUSPECT;P01166:SUSPECT;P01047:SUSPECT
SUSPECTED,SUPPORTING,0.598,TEST,AMBIGUOUS,P01446:SUSPECT;P01206:SUSPECT
UNKNOWN,NEUTRAL,0.542,TEST,AMBIGUOUS,P01206:UNRESOLVED;P01404:UNRESOLVED;P01047:UNRESOLVED;P01166:UNRESOLVED
SUSPECTED,SUPPORTING,0.694,TEST,AMBIGUOUS,P01410:SUSPECT;P01047:SUSPECT
CONFIRMED,SUPPORTING,0.871,TEST,AMBIGUOUS,P01047:SUSPECT;P01485:SUSPECT;P01200:SUSPECT;P01404:SUSPECT
CONFIRMED,SUPPORTING,0.878,TEST,AMBIGUOUS,P01047:SUSPECT;P01490:SUSPECT
FALSE,CONTRADICTING,0.123,TEST,AMBIGUOUS,P01490:INNOCENT;P01200:INNOCENT;P01404:INNOCENT;P01206:INNOCENT
SUSPECTED,SUPPORTING,0.757,TEST,AMBIGUOUS,P01490:SUSPECT;P01206:SUSPECT;P01047:SUSPECT
SUSPECTED,SUPPORTING,0.710,TEST,AMBIGUOUS,P01047:SUSPECT;P01410:SUSPECT;P01206:SUSPECT;P01166:SUSPECT
CONFIRMED,SUPPORTING,0.916,TEST,AMBIGUOUS,P01047:SUSPECT;P01410:SUSPECT
CONFIRMED,SUPPORTING,0.886,TEST,AMBIGUOUS,P01493:SUSPECT;P01470:SUSPECT;P01411:SUSPECT;P01134:SUSPECT
CONFIRMED,SUPPORTING,0.856,TEST,AMBIGUOUS,P01493:SUSPECT;P01134:SUSPECT;P01148:SUSPECT;P01269:SUSPECT
CONFIRMED,SUPPORTING,0.824,TEST,AMBIGUOUS,P01493:SUSPECT;P01470:SUSPECT
UNKNOWN,NEUTRAL,0.446,TEST,AMBIGUOUS,P01438:UNRESOLVED;P01493:UNRESOLVED
CONFIRMED,SUPPORTING,0.828,TEST,AMBIGUOUS,P01223:SUSPECT;P01134:SUSPECT;P01148:SUSPECT
SUSPECTED,SUPPORTING,0.678,TEST,AMBIGUOUS,P01438:SUSPECT;P01411:SUSPECT;P01269:SUSPECT
CONFIRMED,SUPPORTING,0.886,TEST,AMBIGUOUS,P01113:SUSPECT;P01269:SUSPECT;P01411:SUSPECT
CONFIRMED,SUPPORTING,0.989,TEST,AMBIGUOUS,P01438:SUSPECT;P01412:SUSPECT;P01180:SUSPECT
CONFIRMED,SUPPORTING,0.903,TEST,AMBIGUOUS,P01412:SUSPECT;P01269:SUSPECT;P01134:SUSPECT
CONFIRMED,SUPPORTING,0.912,TEST,AMBIGUOUS,P01148:SUSPECT;P01113:SUSPECT
CONFIRMED,SUPPORTING,0.828,TEST,AMBIGUOUS,P01350:SUSPECT;P01425:SUSPECT;P01366:SUSPECT;P01038:SUSPECT
SUSPECTED,SUPPORTING,0.844,TEST,AMBIGUOUS,P01366:SUSPECT;P01141:SUSPECT;P01154:SUSPECT;P01351:SUSPECT
FALSE,CONTRADICTING,0.250,TEST,AMBIGUOUS,P01062:INNOCENT;P01138:INNOCENT
CONFIRMED,SUPPORTING,0.934,TEST,AMBIGUOUS,P01062:SUSPECT;P01425:SUSPECT
CONFIRMED,SUPPORTING,0.973,TEST,AMBIGUOUS,P01425:SUSPECT;P01350:SUSPECT;P01395:SUSPECT;P01141:SUSPECT
CONFIRMED,SUPPORTING,0.831,TEST,AMBIGUOUS,P01089:SUSPECT;P01159:SUSPECT;P01351:SUSPECT
CONFIRMED,SUPPORTING,0.944,TEST,AMBIGUOUS,P01089:SUSPECT;P01366:SUSPECT;P01141:SUSPECT;P01425:SUSPECT
FALSE,CONTRADICTING,0.382,TEST,AMBIGUOUS,P01366:INNOCENT;P01089:INNOCENT;P01138:INNOCENT;P01141:INNOCENT
UNKNOWN,NEUTRAL,0.357,TEST,AMBIGUOUS,P01141:UNRESOLVED;P01062:UNRESOLVED;P01038:UNRESOLVED;P01355:UNRESOLVED
UNKNOWN,NEUTRAL,0.255,TEST,AMBIGUOUS,P01425:UNRESOLVED;P01355:UNRESOLVED;P01351:UNRESOLVED
CONFIRMED,SUPPORTING,0.863,TEST,AMBIGUOUS,P01441:SUSPECT;P01293:SUSPECT
SUSPECTED,SUPPORTING,0.852,TEST,AMBIGUOUS,P01213:SUSPECT;P01152:SUSPECT;P01360:SUSPECT
CONFIRMED,SUPPORTING,0.856,TEST,AMBIGUOUS,P01152:SUSPECT;P01213:SUSPECT;P01360:SUSPECT;P01441:SUSPECT
SUSPECTED,SUPPORTING,0.712,TEST,AMBIGUOUS,P01293:SUSPECT;P01213:SUSPECT;P01441:SUSPECT
UNKNOWN,NEUTRAL,0.231,TEST,AMBIGUOUS,P01441:UNRESOLVED;P01293:UNRESOLVED
CONFIRMED,SUPPORTING,0.859,TEST,AMBIGUOUS,P01293:SUSPECT;P01213:SUSPECT;P01152:SUSPECT;P01441:SUSPECT
UNKNOWN,NEUTRAL,0.270,TEST,AMBIGUOUS,P01152:UNRESOLVED;P01293:UNRESOLVED;P01213:UNRESOLVED
SUSPECTED,SUPPORTING,0.792,TEST,AMBIGUOUS,P01152:SUSPECT;P01293:SUSPECT;P01441:SUSPECT;P01475:SUSPECT
CONFIRMED,SUPPORTING,0.850,TEST,AMBIGUOUS,P01475:SUSPECT;P01293:SUSPECT
UNKNOWN,NEUTRAL,0.380,TEST,AMBIGUOUS,P01213:UNRESOLVED;P01441:UNRESOLVED;P01152:UNRESOLVED
SUSPECTED,SUPPORTING,0.788,TEST,AMBIGUOUS,P01384:SUSPECT;P01329:SUSPECT;P01430:SUSPECT
CONFIRMED,SUPPORTING,0.936,TEST,AMBIGUOUS,P01129:SUSPECT;P01329:SUSPECT;P01220:SUSPECT;P01420:SUSPECT
CONFIRMED,SUPPORTING,0.869,TEST,AMBIGUOUS,P01220:SUSPECT;P01069:SUSPECT;P01143:SUSPECT;P01156:SUSPECT
FALSE,CONTRADICTING,0.286,TEST,AMBIGUOUS,P01329:INNOCENT;P01154:INNOCENT
CONFIRMED,SUPPORTING,0.943,TEST,AMBIGUOUS,P01420:SUSPECT;P01455:SUSPECT
FALSE,CONTRADICTING,0.181,TEST,AMBIGUOUS,P01143:INNOCENT;P01154:INNOCENT;P01156:INNOCENT;P01420:INNOCENT
CONFIRMED,SUPPORTING,0.943,TEST,AMBIGUOUS,P01143:SUSPECT;P01156:SUSPECT
SUSPECTED,SUPPORTING,0.654,TEST,AMBIGUOUS,P01156:SUSPECT;P01329:SUSPECT;P01129:SUSPECT
CONFIRMED,SUPPORTING,0.952,TEST,AMBIGUOUS,P01420:SUSPECT;P01156:SUSPECT
SUSPECTED,SUPPORTING,0.762,TEST,AMBIGUOUS,P01384:SUSPECT;P01129:SUSPECT
CONFIRMED,SUPPORTING,0.936,TEST,AMBIGUOUS,P01390:SUSPECT;P01298:SUSPECT;P01450:SUSPECT
FALSE,CONTRADICTING,0.222,TEST,AMBIGUOUS,P01004:INNOCENT;P01306:INNOCENT;P01228:INNOCENT;P01146:INNOCENT
SUSPECTED,SUPPORTING,0.623,TEST,AMBIGUOUS,P01306:SUSPECT;P01004:SUSPECT;P01298:SUSPECT
CONFIRMED,SUPPORTING,0.957,TEST,AMBIGUOUS,P01390:SUSPECT;P01450:SUSPECT;P01092:SUSPECT;P01228:SUSPECT
SUSPECTED,SUPPORTING,0.790,TEST,AMBIGUOUS,P01306:SUSPECT;P01146:SUSPECT;P01228:SUSPECT
CONFIRMED,SUPPORTING,0.842,TEST,AMBIGUOUS,P01306:SUSPECT;P01298:SUSPECT;P01092:SUSPECT
CONFIRMED,SUPPORTING,0.825,TEST,AMBIGUOUS,P01298:SUSPECT;P01146:SUSPECT;P01092:SUSPECT;P01228:SUSPECT
UNKNOWN,NEUTRAL,0.481,TEST,AMBIGUOUS,P01092:UNRESOLVED;P01390:UNRESOLVED;P01298:UNRESOLVED
CONFIRMED,SUPPORTING,0.942,TEST,AMBIGUOUS,P01390:SUSPECT;P01450:SUSPECT;P01004:SUSPECT;P01092:SUSPECT
CONFIRMED,SUPPORTING,0.971,TEST,AMBIGUOUS,P01146:SUSPECT;P01092:SUSPECT;P01004:SUSPECT;P01306:SUSPECT
SUSPECTED,SUPPORTING,0.617,TEST,AMBIGUOUS,P01483:SUSPECT;P01357:SUSPECT;P01023:SUSPECT
CONFIRMED,SUPPORTING,0.983,TEST,AMBIGUOUS,P01221:SUSPECT;P01040:SUSPECT;P01357:SUSPECT
UNKNOWN,NEUTRAL,0.234,TEST,AMBIGUOUS,P01067:UNRESOLVED;P01040:UNRESOLVED
SUSPECTED,SUPPORTING,0.823,TEST,AMBIGUOUS,P01087:SUSPECT;P01020:SUSPECT;P01253:SUSPECT;P01270:SUSPECT
UNKNOWN,NEUTRAL,0.508,TEST,AMBIGUOUS,P01030:UNRESOLVED;P01023:UNRESOLVED
SUSPECTED,SUPPORTING,0.757,TEST,AMBIGUOUS,P01297:SUSPECT;P01040:SUSPECT
CONFIRMED,SUPPORTING,0.898,TEST,AMBIGUOUS,P01040:SUSPECT;P01357:SUSPECT;P01023:SUSPECT;P01067:SUSPECT
FALSE,CONTRADICTING,0.128,TEST,AMBIGUOUS,P01357:INNOCENT;P01040:INNOCENT;P01297:INNOCENT
CONFIRMED,SUPPORTING,0.905,TEST,AMBIGUOUS,P01253:SUSPECT;P01040:SUSPECT;P01339:SUSPECT
CONFIRMED,SUPPORTING,0.874,TEST,AMBIGUOUS,P01270:SUSPECT;P01067:SUSPECT;P01483:SUSPECT;P01221:SUSPECT
CONFIRMED,SUPPORTING,0.986,TEST,AMBIGUOUS,P01237:SUSPECT;P01219:SUSPECT;P01110:SUSPECT;P01385:SUSPECT
CONFIRMED,SUPPORTING,0.918,TEST,AMBIGUOUS,P01169:SUSPECT;P01110:SUSPECT;P01015:SUSPECT
SUSPECTED,SUPPORTING,0.800,TEST,AMBIGUOUS,P01169:SUSPECT;P01385:SUSPECT;P01110:SUSPECT
SUSPECTED,SUPPORTING,0.602,TEST,AMBIGUOUS,P01110:SUSPECT;P01237:SUSPECT
CONFIRMED,SUPPORTING,0.882,TEST,AMBIGUOUS,P01015:SUSPECT;P01110:SUSPECT;P01219:SUSPECT
CONFIRMED,SUPPORTING,0.915,TEST,AMBIGUOUS,P01110:SUSPECT;P01219:SUSPECT;P01169:SUSPECT;P01237:SUSPECT
SUSPECTED,SUPPORTING,0.710,TEST,AMBIGUOUS,P01110:SUSPECT;P01385:SUSPECT;P01015:SUSPECT
FALSE,CONTRADICTING,0.274,TEST,AMBIGUOUS,P01015:INNOCENT;P01385:INNOCENT
CONFIRMED,SUPPORTING,0.873,TEST,AMBIGUOUS,P01219:SUSPECT;P01237:SUSPECT
UNKNOWN,NEUTRAL,0.529,TEST,AMBIGUOUS,P01110:UNRESOLVED;P01169:UNRESOLVED
